1,MedicalService2,true,14.0,0.0,0.0
1,DrugService,true,5.0,0.0,0.0
1,AssistanceService,true,19.0

2,AlarmService1,true,4.0,0.0,0.0
2,AssistanceService,true,4.0

3,MedicalService2,true,14.0,0.0,0.0
3,DrugService,true,5.0,0.0,0.0
3,AssistanceService,true,19.0

4,MedicalService3,true,2.15,0.0,0.0
4,AlarmService2,true,12.0,0.0,0.0
4,AssistanceService,true,14.15

5,MedicalService2,true,14.0,0.0,0.0
5,DrugService,true,5.0,0.0,0.0
5,AssistanceService,true,19.0

6,MedicalService3,true,2.15,0.0,0.0
6,AlarmService2,true,12.0,0.0,0.0
6,AssistanceService,true,14.15

7,MedicalService2,true,14.0,0.0,0.0
7,DrugService,true,5.0,0.0,0.0
7,AssistanceService,true,19.0

8,MedicalService3,true,2.15,0.0,0.0
8,DrugService,true,5.0,0.0,0.0
8,AssistanceService,true,7.15

9,MedicalService2,true,14.0,0.0,0.0
9,DrugService,true,5.0,0.0,0.0
9,AssistanceService,true,19.0

10,MedicalService2,true,14.0,0.0,0.0
10,DrugService,true,5.0,0.0,0.0
10,AssistanceService,true,19.0

11,MedicalService1,true,4.0,0.0,0.0
11,DrugService,true,5.0,0.0,0.0
11,AssistanceService,true,9.0

12,MedicalService2,true,14.0,0.0,0.0
12,DrugService,true,5.0,0.0,0.0
12,AssistanceService,true,19.0

13,MedicalService2,true,14.0,0.0,0.0
13,DrugService,true,5.0,0.0,0.0
13,AssistanceService,true,19.0

14,MedicalService3,true,2.15,0.0,0.0
14,DrugService,true,5.0,0.0,0.0
14,AssistanceService,true,7.15

15,AlarmService2,true,12.0,0.0,0.0
15,AssistanceService,true,12.0

16,MedicalService1,true,4.0,0.0,0.0
16,DrugService,true,5.0,0.0,0.0
16,AssistanceService,true,9.0

17,MedicalService3,true,2.15,0.0,0.0
17,AlarmService2,true,12.0,0.0,0.0
17,AssistanceService,true,14.15

18,MedicalService1,true,4.0,0.0,0.0
18,DrugService,true,5.0,0.0,0.0
18,AssistanceService,true,9.0

19,AlarmService2,true,12.0,0.0,0.0
19,AssistanceService,true,12.0

20,AlarmService3,true,2.0,0.0,0.0
20,AssistanceService,true,2.0

21,MedicalService3,true,2.15,0.0,0.0
21,DrugService,true,5.0,0.0,0.0
21,AssistanceService,true,7.15

22,MedicalService1,true,4.0,0.0,0.0
22,DrugService,true,5.0,0.0,0.0
22,AssistanceService,true,9.0

23,MedicalService2,true,14.0,0.0,0.0
23,AlarmService3,true,2.0,0.0,0.0
23,AssistanceService,true,16.0

24,MedicalService3,true,2.15,0.0,0.0
24,DrugService,true,5.0,0.0,0.0
24,AssistanceService,true,7.15

25,MedicalService3,true,2.15,0.0,0.0
25,DrugService,true,5.0,0.0,0.0
25,AssistanceService,true,7.15

26,AlarmService3,true,2.0,0.0,0.0
26,AssistanceService,true,2.0

27,MedicalService1,true,4.0,0.0,0.0
27,DrugService,true,5.0,0.0,0.0
27,AssistanceService,true,9.0

28,MedicalService1,true,4.0,0.0,0.0
28,AlarmService3,true,2.0,0.0,0.0
28,AssistanceService,true,6.0

29,AlarmService1,true,4.0,0.0,0.0
29,AssistanceService,true,4.0

30,AlarmService1,true,4.0,0.0,0.0
30,AssistanceService,true,4.0

31,MedicalService3,true,2.15,0.0,0.0
31,AlarmService2,true,12.0,0.0,0.0
31,AssistanceService,true,14.15

32,MedicalService3,true,2.15,0.0,0.0
32,DrugService,true,5.0,0.0,0.0
32,AssistanceService,true,7.15

33,MedicalService1,true,4.0,0.0,0.0
33,DrugService,true,5.0,0.0,0.0
33,AssistanceService,true,9.0

34,AlarmService3,true,2.0,0.0,0.0
34,AssistanceService,true,2.0

35,MedicalService2,true,14.0,0.0,0.0
35,DrugService,true,5.0,0.0,0.0
35,AssistanceService,true,19.0

36,MedicalService1,true,4.0,0.0,0.0
36,DrugService,true,5.0,0.0,0.0
36,AssistanceService,true,9.0

37,AlarmService3,true,2.0,0.0,0.0
37,AssistanceService,true,2.0

38,MedicalService3,true,2.15,0.0,0.0
38,AlarmService2,true,12.0,0.0,0.0
38,AssistanceService,true,14.15

39,MedicalService2,true,14.0,0.0,0.0
39,DrugService,true,5.0,0.0,0.0
39,AssistanceService,true,19.0

40,AlarmService2,true,12.0,0.0,0.0
40,AssistanceService,true,12.0

41,MedicalService1,true,4.0,0.0,0.0
41,AlarmService3,true,2.0,0.0,0.0
41,AssistanceService,true,6.0

42,MedicalService2,true,14.0,0.0,0.0
42,DrugService,true,5.0,0.0,0.0
42,AssistanceService,true,19.0

43,MedicalService2,true,14.0,0.0,0.0
43,DrugService,true,5.0,0.0,0.0
43,AssistanceService,true,19.0

44,MedicalService1,true,4.0,0.0,0.0
44,DrugService,true,5.0,0.0,0.0
44,AssistanceService,true,9.0

45,MedicalService3,true,2.15,0.0,0.0
45,DrugService,true,5.0,0.0,0.0
45,AssistanceService,true,7.15

46,AlarmService2,true,12.0,0.0,0.0
46,AssistanceService,true,12.0

47,MedicalService1,true,4.0,0.0,0.0
47,DrugService,true,5.0,0.0,0.0
47,AssistanceService,true,9.0

48,MedicalService3,true,2.15,0.0,0.0
48,DrugService,true,5.0,0.0,0.0
48,AssistanceService,true,7.15

49,MedicalService3,true,2.15,0.0,0.0
49,DrugService,true,5.0,0.0,0.0
49,AssistanceService,true,7.15

50,MedicalService3,true,2.15,0.0,0.0
50,DrugService,true,5.0,0.0,0.0
50,AssistanceService,true,7.15

51,MedicalService3,true,2.15,0.0,0.0
51,AlarmService1,true,4.0,0.0,0.0
51,AssistanceService,true,6.15

52,MedicalService1,true,4.0,0.0,0.0
52,DrugService,true,5.0,0.0,0.0
52,AssistanceService,true,9.0

53,MedicalService2,true,14.0,0.0,0.0
53,DrugService,true,5.0,0.0,0.0
53,AssistanceService,true,19.0

54,MedicalService3,true,2.15,0.0,0.0
54,AlarmService2,true,12.0,0.0,0.0
54,AssistanceService,true,14.15

55,MedicalService3,true,2.15,0.0,0.0
55,DrugService,true,5.0,0.0,0.0
55,AssistanceService,true,7.15

56,AlarmService2,true,12.0,0.0,0.0
56,AssistanceService,true,12.0

57,AlarmService1,true,4.0,0.0,0.0
57,AssistanceService,true,4.0

58,AlarmService2,true,12.0,0.0,0.0
58,AssistanceService,true,12.0

59,MedicalService3,true,2.15,0.0,0.0
59,DrugService,true,5.0,0.0,0.0
59,AssistanceService,true,7.15

60,AlarmService1,true,4.0,0.0,0.0
60,AssistanceService,true,4.0

61,AlarmService1,true,4.0,0.0,0.0
61,AssistanceService,true,4.0

62,MedicalService2,true,14.0,0.0,0.0
62,DrugService,true,5.0,0.0,0.0
62,AssistanceService,true,19.0

63,MedicalService3,true,2.15,0.0,0.0
63,DrugService,true,5.0,0.0,0.0
63,AssistanceService,true,7.15

64,MedicalService1,true,4.0,0.0,0.0
64,AlarmService1,true,4.0,0.0,0.0
64,AssistanceService,true,8.0

65,MedicalService3,true,2.15,0.0,0.0
65,AlarmService1,true,4.0,0.0,0.0
65,AssistanceService,true,6.15

66,MedicalService3,true,2.15,0.0,0.0
66,DrugService,true,5.0,0.0,0.0
66,AssistanceService,true,7.15

67,AlarmService3,true,2.0,0.0,0.0
67,AssistanceService,true,2.0

68,MedicalService2,true,14.0,0.0,0.0
68,AlarmService2,true,12.0,0.0,0.0
68,AssistanceService,true,26.0

69,AlarmService3,true,2.0,0.0,0.0
69,AssistanceService,true,2.0

70,AlarmService1,true,4.0,0.0,0.0
70,AssistanceService,true,4.0

71,AlarmService3,true,2.0,0.0,0.0
71,AssistanceService,true,2.0

72,MedicalService1,true,4.0,0.0,0.0
72,DrugService,true,5.0,0.0,0.0
72,AssistanceService,true,9.0

73,AlarmService3,true,2.0,0.0,0.0
73,AssistanceService,true,2.0

74,MedicalService2,true,14.0,0.0,0.0
74,DrugService,true,5.0,0.0,0.0
74,AssistanceService,true,19.0

75,MedicalService1,true,4.0,0.0,0.0
75,AlarmService1,true,4.0,0.0,0.0
75,AssistanceService,true,8.0

76,MedicalService2,true,14.0,0.0,0.0
76,DrugService,true,5.0,0.0,0.0
76,AssistanceService,true,19.0

77,MedicalService3,true,2.15,0.0,0.0
77,AlarmService1,true,4.0,0.0,0.0
77,AssistanceService,true,6.15

78,MedicalService3,true,2.15,0.0,0.0
78,DrugService,true,5.0,0.0,0.0
78,AssistanceService,true,7.15

79,MedicalService1,true,4.0,0.0,0.0
79,DrugService,true,5.0,0.0,0.0
79,AssistanceService,true,9.0

80,MedicalService2,true,14.0,0.0,0.0
80,AlarmService1,true,4.0,0.0,0.0
80,AssistanceService,true,18.0

81,MedicalService1,true,4.0,0.0,0.0
81,DrugService,true,5.0,0.0,0.0
81,AssistanceService,true,9.0

82,MedicalService2,true,14.0,0.0,0.0
82,DrugService,true,5.0,0.0,0.0
82,AssistanceService,true,19.0

83,MedicalService3,true,2.15,0.0,0.0
83,AlarmService2,true,12.0,0.0,0.0
83,AssistanceService,true,14.15

84,MedicalService3,true,2.15,0.0,0.0
84,AlarmService3,true,2.0,0.0,0.0
84,AssistanceService,true,4.15

85,MedicalService2,true,14.0,0.0,0.0
85,DrugService,true,5.0,0.0,0.0
85,AssistanceService,true,19.0

86,MedicalService2,true,14.0,0.0,0.0
86,DrugService,true,5.0,0.0,0.0
86,AssistanceService,true,19.0

87,MedicalService3,true,2.15,0.0,0.0
87,DrugService,true,5.0,0.0,0.0
87,AssistanceService,true,7.15

88,MedicalService3,true,2.15,0.0,0.0
88,AlarmService2,true,12.0,0.0,0.0
88,AssistanceService,true,14.15

89,AlarmService1,true,4.0,0.0,0.0
89,AssistanceService,true,4.0

90,MedicalService1,true,4.0,0.0,0.0
90,AlarmService3,true,2.0,0.0,0.0
90,AssistanceService,true,6.0

91,AlarmService3,true,2.0,0.0,0.0
91,AssistanceService,true,2.0

92,MedicalService3,true,2.15,0.0,0.0
92,AlarmService1,true,4.0,0.0,0.0
92,AssistanceService,true,6.15

93,MedicalService2,true,14.0,0.0,0.0
93,AlarmService2,true,12.0,0.0,0.0
93,AssistanceService,true,26.0

94,MedicalService3,true,2.15,0.0,0.0
94,AlarmService2,true,12.0,0.0,0.0
94,AssistanceService,true,14.15

95,AlarmService2,true,12.0,0.0,0.0
95,AssistanceService,true,12.0

96,MedicalService2,true,14.0,0.0,0.0
96,AlarmService3,true,2.0,0.0,0.0
96,AssistanceService,true,16.0

97,MedicalService3,true,2.15,0.0,0.0
97,AlarmService1,true,4.0,0.0,0.0
97,AssistanceService,true,6.15

98,MedicalService3,true,2.15,0.0,0.0
98,DrugService,true,5.0,0.0,0.0
98,AssistanceService,true,7.15

99,MedicalService3,true,2.15,0.0,0.0
99,DrugService,true,5.0,0.0,0.0
99,AssistanceService,true,7.15

100,MedicalService3,true,2.15,0.0,0.0
100,AlarmService1,true,4.0,0.0,0.0
100,AssistanceService,true,6.15

101,AlarmService3,true,2.0,0.0,0.0
101,AssistanceService,true,2.0

102,MedicalService3,true,2.15,0.0,0.0
102,DrugService,true,5.0,0.0,0.0
102,AssistanceService,true,7.15

103,MedicalService2,true,14.0,0.0,0.0
103,AlarmService1,true,4.0,0.0,0.0
103,AssistanceService,true,18.0

104,MedicalService1,true,4.0,0.0,0.0
104,DrugService,true,5.0,0.0,0.0
104,AssistanceService,true,9.0

105,MedicalService3,true,2.15,0.0,0.0
105,AlarmService2,true,12.0,0.0,0.0
105,AssistanceService,true,14.15

106,MedicalService2,true,14.0,0.0,0.0
106,AlarmService3,true,2.0,0.0,0.0
106,AssistanceService,true,16.0

107,MedicalService2,true,14.0,0.0,0.0
107,DrugService,true,5.0,0.0,0.0
107,AssistanceService,true,19.0

108,MedicalService2,true,14.0,0.0,0.0
108,DrugService,true,5.0,0.0,0.0
108,AssistanceService,true,19.0

109,MedicalService2,true,14.0,0.0,0.0
109,DrugService,true,5.0,0.0,0.0
109,AssistanceService,true,19.0

110,MedicalService1,true,4.0,0.0,0.0
110,DrugService,true,5.0,0.0,0.0
110,AssistanceService,true,9.0

111,AlarmService1,true,4.0,0.0,0.0
111,AssistanceService,true,4.0

112,AlarmService3,true,2.0,0.0,0.0
112,AssistanceService,true,2.0

113,MedicalService1,true,4.0,0.0,0.0
113,DrugService,true,5.0,0.0,0.0
113,AssistanceService,true,9.0

114,AlarmService2,true,12.0,0.0,0.0
114,AssistanceService,true,12.0

115,MedicalService1,true,4.0,0.0,0.0
115,DrugService,true,5.0,0.0,0.0
115,AssistanceService,true,9.0

116,MedicalService2,true,14.0,0.0,0.0
116,DrugService,true,5.0,0.0,0.0
116,AssistanceService,true,19.0

117,MedicalService2,true,14.0,0.0,0.0
117,DrugService,true,5.0,0.0,0.0
117,AssistanceService,true,19.0

118,MedicalService2,true,14.0,0.0,0.0
118,DrugService,true,5.0,0.0,0.0
118,AssistanceService,true,19.0

119,MedicalService1,true,4.0,0.0,0.0
119,DrugService,true,5.0,0.0,0.0
119,AssistanceService,true,9.0

120,MedicalService1,true,4.0,0.0,0.0
120,DrugService,true,5.0,0.0,0.0
120,AssistanceService,true,9.0

121,MedicalService2,true,14.0,0.0,0.0
121,DrugService,true,5.0,0.0,0.0
121,AssistanceService,true,19.0

122,MedicalService1,true,4.0,0.0,0.0
122,DrugService,true,5.0,0.0,0.0
122,AssistanceService,true,9.0

123,MedicalService2,true,14.0,0.0,0.0
123,DrugService,true,5.0,0.0,0.0
123,AssistanceService,true,19.0

124,MedicalService3,true,2.15,0.0,0.0
124,DrugService,true,5.0,0.0,0.0
124,AssistanceService,true,7.15

125,MedicalService1,true,4.0,0.0,0.0
125,DrugService,true,5.0,0.0,0.0
125,AssistanceService,true,9.0

126,MedicalService3,true,2.15,0.0,0.0
126,DrugService,true,5.0,0.0,0.0
126,AssistanceService,true,7.15

127,AlarmService2,true,12.0,0.0,0.0
127,AssistanceService,true,12.0

128,AlarmService2,true,12.0,0.0,0.0
128,AssistanceService,true,12.0

129,MedicalService1,true,4.0,0.0,0.0
129,DrugService,true,5.0,0.0,0.0
129,AssistanceService,true,9.0

130,AlarmService1,true,4.0,0.0,0.0
130,AssistanceService,true,4.0

131,AlarmService3,true,2.0,0.0,0.0
131,AssistanceService,true,2.0

132,MedicalService1,true,4.0,0.0,0.0
132,DrugService,true,5.0,0.0,0.0
132,AssistanceService,true,9.0

133,AlarmService1,true,4.0,0.0,0.0
133,AssistanceService,true,4.0

134,MedicalService2,true,14.0,0.0,0.0
134,AlarmService1,true,4.0,0.0,0.0
134,AssistanceService,true,18.0

135,AlarmService1,true,4.0,0.0,0.0
135,AssistanceService,true,4.0

136,MedicalService3,true,2.15,0.0,0.0
136,DrugService,true,5.0,0.0,0.0
136,AssistanceService,true,7.15

137,MedicalService2,true,14.0,0.0,0.0
137,AlarmService2,true,12.0,0.0,0.0
137,AssistanceService,true,26.0

138,AlarmService3,true,2.0,0.0,0.0
138,AssistanceService,true,2.0

139,AlarmService3,true,2.0,0.0,0.0
139,AssistanceService,true,2.0

140,MedicalService2,true,14.0,0.0,0.0
140,DrugService,true,5.0,0.0,0.0
140,AssistanceService,true,19.0

141,MedicalService1,true,4.0,0.0,0.0
141,AlarmService3,true,2.0,0.0,0.0
141,AssistanceService,true,6.0

142,MedicalService1,true,4.0,0.0,0.0
142,AlarmService3,true,2.0,0.0,0.0
142,AssistanceService,true,6.0

143,MedicalService1,true,4.0,0.0,0.0
143,AlarmService1,true,4.0,0.0,0.0
143,AssistanceService,true,8.0

144,MedicalService3,true,2.15,0.0,0.0
144,DrugService,true,5.0,0.0,0.0
144,AssistanceService,true,7.15

145,AlarmService1,true,4.0,0.0,0.0
145,AssistanceService,true,4.0

146,AlarmService1,true,4.0,0.0,0.0
146,AssistanceService,true,4.0

147,AlarmService1,true,4.0,0.0,0.0
147,AssistanceService,true,4.0

148,MedicalService3,true,2.15,0.0,0.0
148,DrugService,true,5.0,0.0,0.0
148,AssistanceService,true,7.15

149,AlarmService2,true,12.0,0.0,0.0
149,AssistanceService,true,12.0

150,MedicalService2,true,14.0,0.0,0.0
150,AlarmService1,true,4.0,0.0,0.0
150,AssistanceService,true,18.0

151,MedicalService1,true,4.0,0.0,0.0
151,AlarmService3,true,2.0,0.0,0.0
151,AssistanceService,true,6.0

152,MedicalService1,true,4.0,0.0,0.0
152,AlarmService1,true,4.0,0.0,0.0
152,AssistanceService,true,8.0

153,MedicalService3,true,2.15,0.0,0.0
153,AlarmService2,true,12.0,0.0,0.0
153,AssistanceService,true,14.15

154,MedicalService3,true,2.15,0.0,0.0
154,AlarmService2,true,12.0,0.0,0.0
154,AssistanceService,true,14.15

155,AlarmService1,true,4.0,0.0,0.0
155,AssistanceService,true,4.0

156,AlarmService2,true,12.0,0.0,0.0
156,AssistanceService,true,12.0

157,AlarmService2,true,12.0,0.0,0.0
157,AssistanceService,true,12.0

158,MedicalService3,true,2.15,0.0,0.0
158,AlarmService2,true,12.0,0.0,0.0
158,AssistanceService,true,14.15

159,AlarmService3,true,2.0,0.0,0.0
159,AssistanceService,true,2.0

160,MedicalService3,true,2.15,0.0,0.0
160,DrugService,true,5.0,0.0,0.0
160,AssistanceService,true,7.15

161,MedicalService3,true,2.15,0.0,0.0
161,DrugService,true,5.0,0.0,0.0
161,AssistanceService,true,7.15

162,AlarmService2,true,12.0,0.0,0.0
162,AssistanceService,true,12.0

163,MedicalService1,true,4.0,0.0,0.0
163,DrugService,true,5.0,0.0,0.0
163,AssistanceService,true,9.0

164,AlarmService1,true,4.0,0.0,0.0
164,AssistanceService,true,4.0

165,MedicalService1,true,4.0,0.0,0.0
165,AlarmService3,true,2.0,0.0,0.0
165,AssistanceService,true,6.0

166,MedicalService2,true,14.0,0.0,0.0
166,DrugService,true,5.0,0.0,0.0
166,AssistanceService,true,19.0

167,MedicalService2,true,14.0,0.0,0.0
167,DrugService,true,5.0,0.0,0.0
167,AssistanceService,true,19.0

168,MedicalService2,true,14.0,0.0,0.0
168,DrugService,true,5.0,0.0,0.0
168,AssistanceService,true,19.0

169,AlarmService3,true,2.0,0.0,0.0
169,AssistanceService,true,2.0

170,MedicalService2,true,14.0,0.0,0.0
170,DrugService,true,5.0,0.0,0.0
170,AssistanceService,true,19.0

171,AlarmService3,true,2.0,0.0,0.0
171,AssistanceService,true,2.0

172,MedicalService2,true,14.0,0.0,0.0
172,DrugService,true,5.0,0.0,0.0
172,AssistanceService,true,19.0

173,MedicalService3,true,2.15,0.0,0.0
173,AlarmService1,true,4.0,0.0,0.0
173,AssistanceService,true,6.15

174,AlarmService2,true,12.0,0.0,0.0
174,AssistanceService,true,12.0

175,MedicalService2,true,14.0,0.0,0.0
175,DrugService,true,5.0,0.0,0.0
175,AssistanceService,true,19.0

176,MedicalService3,true,2.15,0.0,0.0
176,DrugService,true,5.0,0.0,0.0
176,AssistanceService,true,7.15

177,MedicalService2,true,14.0,0.0,0.0
177,DrugService,true,5.0,0.0,0.0
177,AssistanceService,true,19.0

178,MedicalService3,true,2.15,0.0,0.0
178,DrugService,true,5.0,0.0,0.0
178,AssistanceService,true,7.15

179,AlarmService2,true,12.0,0.0,0.0
179,AssistanceService,true,12.0

180,MedicalService3,true,2.15,0.0,0.0
180,DrugService,true,5.0,0.0,0.0
180,AssistanceService,true,7.15

181,MedicalService2,true,14.0,0.0,0.0
181,AlarmService3,true,2.0,0.0,0.0
181,AssistanceService,true,16.0

182,AlarmService3,true,2.0,0.0,0.0
182,AssistanceService,true,2.0

183,MedicalService3,true,2.15,0.0,0.0
183,DrugService,true,5.0,0.0,0.0
183,AssistanceService,true,7.15

184,AlarmService2,true,12.0,0.0,0.0
184,AssistanceService,true,12.0

185,MedicalService1,true,4.0,0.0,0.0
185,DrugService,true,5.0,0.0,0.0
185,AssistanceService,true,9.0

186,MedicalService2,true,14.0,0.0,0.0
186,DrugService,true,5.0,0.0,0.0
186,AssistanceService,true,19.0

187,AlarmService1,true,4.0,0.0,0.0
187,AssistanceService,true,4.0

188,AlarmService1,true,4.0,0.0,0.0
188,AssistanceService,true,4.0

189,MedicalService2,true,14.0,0.0,0.0
189,DrugService,true,5.0,0.0,0.0
189,AssistanceService,true,19.0

190,MedicalService2,true,14.0,0.0,0.0
190,DrugService,true,5.0,0.0,0.0
190,AssistanceService,true,19.0

191,MedicalService3,true,2.15,0.0,0.0
191,DrugService,true,5.0,0.0,0.0
191,AssistanceService,true,7.15

192,MedicalService3,true,2.15,0.0,0.0
192,DrugService,true,5.0,0.0,0.0
192,AssistanceService,true,7.15

193,MedicalService1,true,4.0,0.0,0.0
193,AlarmService2,true,12.0,0.0,0.0
193,AssistanceService,true,16.0

194,MedicalService2,true,14.0,0.0,0.0
194,DrugService,true,5.0,0.0,0.0
194,AssistanceService,true,19.0

195,MedicalService1,true,4.0,0.0,0.0
195,AlarmService3,true,2.0,0.0,0.0
195,AssistanceService,true,6.0

196,MedicalService2,true,14.0,0.0,0.0
196,AlarmService2,true,12.0,0.0,0.0
196,AssistanceService,true,26.0

197,MedicalService1,true,4.0,0.0,0.0
197,AlarmService3,true,2.0,0.0,0.0
197,AssistanceService,true,6.0

198,MedicalService3,true,2.15,0.0,0.0
198,DrugService,true,5.0,0.0,0.0
198,AssistanceService,true,7.15

199,AlarmService1,true,4.0,0.0,0.0
199,AssistanceService,true,4.0

200,AlarmService1,true,4.0,0.0,0.0
200,AssistanceService,true,4.0

201,MedicalService2,true,14.0,0.0,0.0
201,DrugService,true,5.0,0.0,0.0
201,AssistanceService,true,19.0

202,MedicalService1,true,4.0,0.0,0.0
202,AlarmService1,true,4.0,0.0,0.0
202,AssistanceService,true,8.0

203,MedicalService1,true,4.0,0.0,0.0
203,AlarmService2,true,12.0,0.0,0.0
203,AssistanceService,true,16.0

204,MedicalService2,true,14.0,0.0,0.0
204,AlarmService2,true,12.0,0.0,0.0
204,AssistanceService,true,26.0

205,MedicalService3,true,2.15,0.0,0.0
205,DrugService,true,5.0,0.0,0.0
205,AssistanceService,true,7.15

206,MedicalService3,true,2.15,0.0,0.0
206,DrugService,true,5.0,0.0,0.0
206,AssistanceService,true,7.15

207,MedicalService2,true,14.0,0.0,0.0
207,DrugService,true,5.0,0.0,0.0
207,AssistanceService,true,19.0

208,MedicalService2,true,14.0,0.0,0.0
208,AlarmService3,true,2.0,0.0,0.0
208,AssistanceService,true,16.0

209,MedicalService1,true,4.0,0.0,0.0
209,DrugService,true,5.0,0.0,0.0
209,AssistanceService,true,9.0

210,AlarmService3,true,2.0,0.0,0.0
210,AssistanceService,true,2.0

211,MedicalService3,true,2.15,0.0,0.0
211,AlarmService3,true,2.0,0.0,0.0
211,AssistanceService,true,4.15

212,MedicalService3,true,2.15,0.0,0.0
212,DrugService,true,5.0,0.0,0.0
212,AssistanceService,true,7.15

213,MedicalService2,true,14.0,0.0,0.0
213,DrugService,true,5.0,0.0,0.0
213,AssistanceService,true,19.0

214,MedicalService1,true,4.0,0.0,0.0
214,AlarmService2,true,12.0,0.0,0.0
214,AssistanceService,true,16.0

215,MedicalService1,true,4.0,0.0,0.0
215,AlarmService3,true,2.0,0.0,0.0
215,AssistanceService,true,6.0

216,MedicalService3,true,2.15,0.0,0.0
216,DrugService,true,5.0,0.0,0.0
216,AssistanceService,true,7.15

217,MedicalService1,true,4.0,0.0,0.0
217,DrugService,true,5.0,0.0,0.0
217,AssistanceService,true,9.0

218,MedicalService1,true,4.0,0.0,0.0
218,AlarmService3,true,2.0,0.0,0.0
218,AssistanceService,true,6.0

219,MedicalService1,true,4.0,0.0,0.0
219,DrugService,true,5.0,0.0,0.0
219,AssistanceService,true,9.0

220,AlarmService2,true,12.0,0.0,0.0
220,AssistanceService,true,12.0

221,AlarmService1,true,4.0,0.0,0.0
221,AssistanceService,true,4.0

222,MedicalService2,true,14.0,0.0,0.0
222,DrugService,true,5.0,0.0,0.0
222,AssistanceService,true,19.0

223,MedicalService1,true,4.0,0.0,0.0
223,DrugService,true,5.0,0.0,0.0
223,AssistanceService,true,9.0

224,MedicalService1,true,4.0,0.0,0.0
224,DrugService,true,5.0,0.0,0.0
224,AssistanceService,true,9.0

225,MedicalService2,true,14.0,0.0,0.0
225,DrugService,true,5.0,0.0,0.0
225,AssistanceService,true,19.0

226,MedicalService3,true,2.15,0.0,0.0
226,AlarmService3,true,2.0,0.0,0.0
226,AssistanceService,true,4.15

227,AlarmService3,true,2.0,0.0,0.0
227,AssistanceService,true,2.0

228,MedicalService1,true,4.0,0.0,0.0
228,AlarmService3,true,2.0,0.0,0.0
228,AssistanceService,true,6.0

229,MedicalService1,true,4.0,0.0,0.0
229,DrugService,true,5.0,0.0,0.0
229,AssistanceService,true,9.0

230,AlarmService3,true,2.0,0.0,0.0
230,AssistanceService,true,2.0

231,AlarmService2,true,12.0,0.0,0.0
231,AssistanceService,true,12.0

232,MedicalService2,true,14.0,0.0,0.0
232,DrugService,true,5.0,0.0,0.0
232,AssistanceService,true,19.0

233,MedicalService3,true,2.15,0.0,0.0
233,DrugService,true,5.0,0.0,0.0
233,AssistanceService,true,7.15

234,MedicalService2,true,14.0,0.0,0.0
234,AlarmService3,true,2.0,0.0,0.0
234,AssistanceService,true,16.0

235,MedicalService3,true,2.15,0.0,0.0
235,DrugService,true,5.0,0.0,0.0
235,AssistanceService,true,7.15

236,MedicalService1,true,4.0,0.0,0.0
236,DrugService,true,5.0,0.0,0.0
236,AssistanceService,true,9.0

237,MedicalService3,true,2.15,0.0,0.0
237,DrugService,true,5.0,0.0,0.0
237,AssistanceService,true,7.15

238,AlarmService1,true,4.0,0.0,0.0
238,AssistanceService,true,4.0

239,AlarmService2,true,12.0,0.0,0.0
239,AssistanceService,true,12.0

240,AlarmService1,true,4.0,0.0,0.0
240,AssistanceService,true,4.0

241,MedicalService2,true,14.0,0.0,0.0
241,AlarmService2,true,12.0,0.0,0.0
241,AssistanceService,true,26.0

242,MedicalService2,true,14.0,0.0,0.0
242,DrugService,true,5.0,0.0,0.0
242,AssistanceService,true,19.0

243,AlarmService1,true,4.0,0.0,0.0
243,AssistanceService,true,4.0

244,MedicalService1,true,4.0,0.0,0.0
244,DrugService,true,5.0,0.0,0.0
244,AssistanceService,true,9.0

245,MedicalService2,true,14.0,0.0,0.0
245,DrugService,true,5.0,0.0,0.0
245,AssistanceService,true,19.0

246,MedicalService1,true,4.0,0.0,0.0
246,AlarmService1,true,4.0,0.0,0.0
246,AssistanceService,true,8.0

247,MedicalService2,true,14.0,0.0,0.0
247,DrugService,true,5.0,0.0,0.0
247,AssistanceService,true,19.0

248,MedicalService3,true,2.15,0.0,0.0
248,DrugService,true,5.0,0.0,0.0
248,AssistanceService,true,7.15

249,AlarmService1,true,4.0,0.0,0.0
249,AssistanceService,true,4.0

250,AlarmService3,true,2.0,0.0,0.0
250,AssistanceService,true,2.0

251,MedicalService1,true,4.0,0.0,0.0
251,AlarmService3,true,2.0,0.0,0.0
251,AssistanceService,true,6.0

252,MedicalService2,true,14.0,0.0,0.0
252,AlarmService1,true,4.0,0.0,0.0
252,AssistanceService,true,18.0

253,MedicalService1,true,4.0,0.0,0.0
253,AlarmService1,true,4.0,0.0,0.0
253,AssistanceService,true,8.0

254,MedicalService1,true,4.0,0.0,0.0
254,DrugService,true,5.0,0.0,0.0
254,AssistanceService,true,9.0

255,MedicalService2,true,14.0,0.0,0.0
255,AlarmService3,true,2.0,0.0,0.0
255,AssistanceService,true,16.0

256,MedicalService3,true,2.15,0.0,0.0
256,DrugService,true,5.0,0.0,0.0
256,AssistanceService,true,7.15

257,MedicalService2,true,14.0,0.0,0.0
257,DrugService,true,5.0,0.0,0.0
257,AssistanceService,true,19.0

258,AlarmService1,true,4.0,0.0,0.0
258,AssistanceService,true,4.0

259,AlarmService1,true,4.0,0.0,0.0
259,AssistanceService,true,4.0

260,MedicalService1,true,4.0,0.0,0.0
260,DrugService,true,5.0,0.0,0.0
260,AssistanceService,true,9.0

261,MedicalService1,true,4.0,0.0,0.0
261,AlarmService2,true,12.0,0.0,0.0
261,AssistanceService,true,16.0

262,MedicalService1,true,4.0,0.0,0.0
262,AlarmService1,true,4.0,0.0,0.0
262,AssistanceService,true,8.0

263,MedicalService2,true,14.0,0.0,0.0
263,DrugService,true,5.0,0.0,0.0
263,AssistanceService,true,19.0

264,MedicalService1,true,4.0,0.0,0.0
264,AlarmService3,true,2.0,0.0,0.0
264,AssistanceService,true,6.0

265,MedicalService2,true,14.0,0.0,0.0
265,AlarmService1,true,4.0,0.0,0.0
265,AssistanceService,true,18.0

266,MedicalService1,true,4.0,0.0,0.0
266,AlarmService2,true,12.0,0.0,0.0
266,AssistanceService,true,16.0

267,MedicalService3,true,2.15,0.0,0.0
267,AlarmService3,true,2.0,0.0,0.0
267,AssistanceService,true,4.15

268,MedicalService2,true,14.0,0.0,0.0
268,DrugService,true,5.0,0.0,0.0
268,AssistanceService,true,19.0

269,MedicalService2,true,14.0,0.0,0.0
269,DrugService,true,5.0,0.0,0.0
269,AssistanceService,true,19.0

270,AlarmService3,true,2.0,0.0,0.0
270,AssistanceService,true,2.0

271,AlarmService1,true,4.0,0.0,0.0
271,AssistanceService,true,4.0

272,MedicalService3,true,2.15,0.0,0.0
272,DrugService,true,5.0,0.0,0.0
272,AssistanceService,true,7.15

273,AlarmService2,true,12.0,0.0,0.0
273,AssistanceService,true,12.0

274,MedicalService2,true,14.0,0.0,0.0
274,DrugService,true,5.0,0.0,0.0
274,AssistanceService,true,19.0

275,MedicalService2,true,14.0,0.0,0.0
275,DrugService,true,5.0,0.0,0.0
275,AssistanceService,true,19.0

276,AlarmService2,true,12.0,0.0,0.0
276,AssistanceService,true,12.0

277,MedicalService3,true,2.15,0.0,0.0
277,AlarmService3,true,2.0,0.0,0.0
277,AssistanceService,true,4.15

278,AlarmService1,true,4.0,0.0,0.0
278,AssistanceService,true,4.0

279,MedicalService1,true,4.0,0.0,0.0
279,AlarmService2,true,12.0,0.0,0.0
279,AssistanceService,true,16.0

280,MedicalService3,true,2.15,0.0,0.0
280,DrugService,true,5.0,0.0,0.0
280,AssistanceService,true,7.15

281,MedicalService2,true,14.0,0.0,0.0
281,DrugService,true,5.0,0.0,0.0
281,AssistanceService,true,19.0

282,MedicalService2,true,14.0,0.0,0.0
282,DrugService,true,5.0,0.0,0.0
282,AssistanceService,true,19.0

283,MedicalService3,true,2.15,0.0,0.0
283,AlarmService2,true,12.0,0.0,0.0
283,AssistanceService,true,14.15

284,MedicalService1,true,4.0,0.0,0.0
284,DrugService,true,5.0,0.0,0.0
284,AssistanceService,true,9.0

285,MedicalService1,true,4.0,0.0,0.0
285,DrugService,true,5.0,0.0,0.0
285,AssistanceService,true,9.0

286,MedicalService2,true,14.0,0.0,0.0
286,DrugService,true,5.0,0.0,0.0
286,AssistanceService,true,19.0

287,MedicalService1,true,4.0,0.0,0.0
287,DrugService,true,5.0,0.0,0.0
287,AssistanceService,true,9.0

288,AlarmService3,true,2.0,0.0,0.0
288,AssistanceService,true,2.0

289,MedicalService1,true,4.0,0.0,0.0
289,AlarmService2,true,12.0,0.0,0.0
289,AssistanceService,true,16.0

290,AlarmService1,true,4.0,0.0,0.0
290,AssistanceService,true,4.0

291,MedicalService2,true,14.0,0.0,0.0
291,DrugService,true,5.0,0.0,0.0
291,AssistanceService,true,19.0

292,MedicalService3,true,2.15,0.0,0.0
292,AlarmService3,true,2.0,0.0,0.0
292,AssistanceService,true,4.15

293,MedicalService2,true,14.0,0.0,0.0
293,DrugService,true,5.0,0.0,0.0
293,AssistanceService,true,19.0

294,MedicalService1,true,4.0,0.0,0.0
294,DrugService,true,5.0,0.0,0.0
294,AssistanceService,true,9.0

295,MedicalService1,true,4.0,0.0,0.0
295,DrugService,true,5.0,0.0,0.0
295,AssistanceService,true,9.0

296,MedicalService2,true,14.0,0.0,0.0
296,DrugService,true,5.0,0.0,0.0
296,AssistanceService,true,19.0

297,MedicalService1,true,4.0,0.0,0.0
297,AlarmService2,true,12.0,0.0,0.0
297,AssistanceService,true,16.0

298,AlarmService1,true,4.0,0.0,0.0
298,AssistanceService,true,4.0

299,MedicalService3,true,2.15,0.0,0.0
299,DrugService,true,5.0,0.0,0.0
299,AssistanceService,true,7.15

300,MedicalService3,true,2.15,0.0,0.0
300,AlarmService1,true,4.0,0.0,0.0
300,AssistanceService,true,6.15

301,MedicalService2,true,14.0,0.0,0.0
301,AlarmService1,true,4.0,0.0,0.0
301,AssistanceService,true,18.0

302,MedicalService3,true,2.15,0.0,0.0
302,AlarmService1,true,4.0,0.0,0.0
302,AssistanceService,true,6.15

303,MedicalService3,true,2.15,0.0,0.0
303,DrugService,true,5.0,0.0,0.0
303,AssistanceService,true,7.15

304,AlarmService2,true,12.0,0.0,0.0
304,AssistanceService,true,12.0

305,AlarmService3,true,2.0,0.0,0.0
305,AssistanceService,true,2.0

306,AlarmService2,true,12.0,0.0,0.0
306,AssistanceService,true,12.0

307,MedicalService2,true,14.0,0.0,0.0
307,DrugService,true,5.0,0.0,0.0
307,AssistanceService,true,19.0

308,MedicalService1,true,4.0,0.0,0.0
308,DrugService,true,5.0,0.0,0.0
308,AssistanceService,true,9.0

309,AlarmService3,true,2.0,0.0,0.0
309,AssistanceService,true,2.0

310,AlarmService2,true,12.0,0.0,0.0
310,AssistanceService,true,12.0

311,MedicalService1,true,4.0,0.0,0.0
311,AlarmService3,true,2.0,0.0,0.0
311,AssistanceService,true,6.0

312,MedicalService1,true,4.0,0.0,0.0
312,DrugService,true,5.0,0.0,0.0
312,AssistanceService,true,9.0

313,AlarmService3,true,2.0,0.0,0.0
313,AssistanceService,true,2.0

314,MedicalService2,true,14.0,0.0,0.0
314,DrugService,true,5.0,0.0,0.0
314,AssistanceService,true,19.0

315,MedicalService3,true,2.15,0.0,0.0
315,AlarmService2,true,12.0,0.0,0.0
315,AssistanceService,true,14.15

316,MedicalService3,true,2.15,0.0,0.0
316,DrugService,true,5.0,0.0,0.0
316,AssistanceService,true,7.15

317,MedicalService2,true,14.0,0.0,0.0
317,DrugService,true,5.0,0.0,0.0
317,AssistanceService,true,19.0

318,MedicalService1,true,4.0,0.0,0.0
318,DrugService,true,5.0,0.0,0.0
318,AssistanceService,true,9.0

319,MedicalService2,true,14.0,0.0,0.0
319,DrugService,true,5.0,0.0,0.0
319,AssistanceService,true,19.0

320,MedicalService1,true,4.0,0.0,0.0
320,DrugService,true,5.0,0.0,0.0
320,AssistanceService,true,9.0

321,MedicalService3,true,2.15,0.0,0.0
321,DrugService,true,5.0,0.0,0.0
321,AssistanceService,true,7.15

322,MedicalService2,true,14.0,0.0,0.0
322,DrugService,true,5.0,0.0,0.0
322,AssistanceService,true,19.0

323,AlarmService3,true,2.0,0.0,0.0
323,AssistanceService,true,2.0

324,MedicalService2,true,14.0,0.0,0.0
324,DrugService,true,5.0,0.0,0.0
324,AssistanceService,true,19.0

325,AlarmService2,true,12.0,0.0,0.0
325,AssistanceService,true,12.0

326,MedicalService3,true,2.15,0.0,0.0
326,DrugService,true,5.0,0.0,0.0
326,AssistanceService,true,7.15

327,MedicalService3,true,2.15,0.0,0.0
327,AlarmService2,true,12.0,0.0,0.0
327,AssistanceService,true,14.15

328,MedicalService3,true,2.15,0.0,0.0
328,DrugService,true,5.0,0.0,0.0
328,AssistanceService,true,7.15

329,MedicalService3,true,2.15,0.0,0.0
329,DrugService,true,5.0,0.0,0.0
329,AssistanceService,true,7.15

330,MedicalService1,true,4.0,0.0,0.0
330,DrugService,true,5.0,0.0,0.0
330,AssistanceService,true,9.0

331,MedicalService2,true,14.0,0.0,0.0
331,AlarmService2,true,12.0,0.0,0.0
331,AssistanceService,true,26.0

332,MedicalService2,true,14.0,0.0,0.0
332,AlarmService3,true,2.0,0.0,0.0
332,AssistanceService,true,16.0

333,MedicalService1,true,4.0,0.0,0.0
333,AlarmService1,true,4.0,0.0,0.0
333,AssistanceService,true,8.0

334,MedicalService2,true,14.0,0.0,0.0
334,AlarmService3,true,2.0,0.0,0.0
334,AssistanceService,true,16.0

335,MedicalService2,true,14.0,0.0,0.0
335,DrugService,true,5.0,0.0,0.0
335,AssistanceService,true,19.0

336,AlarmService1,true,4.0,0.0,0.0
336,AssistanceService,true,4.0

337,AlarmService3,true,2.0,0.0,0.0
337,AssistanceService,true,2.0

338,AlarmService1,true,4.0,0.0,0.0
338,AssistanceService,true,4.0

339,AlarmService2,true,12.0,0.0,0.0
339,AssistanceService,true,12.0

340,MedicalService3,true,2.15,0.0,0.0
340,AlarmService3,true,2.0,0.0,0.0
340,AssistanceService,true,4.15

341,MedicalService2,true,14.0,0.0,0.0
341,DrugService,true,5.0,0.0,0.0
341,AssistanceService,true,19.0

342,MedicalService3,true,2.15,0.0,0.0
342,AlarmService2,true,12.0,0.0,0.0
342,AssistanceService,true,14.15

343,MedicalService2,true,14.0,0.0,0.0
343,DrugService,true,5.0,0.0,0.0
343,AssistanceService,true,19.0

344,MedicalService3,true,2.15,0.0,0.0
344,DrugService,true,5.0,0.0,0.0
344,AssistanceService,true,7.15

345,AlarmService2,true,12.0,0.0,0.0
345,AssistanceService,true,12.0

346,MedicalService2,true,14.0,0.0,0.0
346,AlarmService3,true,2.0,0.0,0.0
346,AssistanceService,true,16.0

347,MedicalService3,true,2.15,0.0,0.0
347,DrugService,true,5.0,0.0,0.0
347,AssistanceService,true,7.15

348,MedicalService1,true,4.0,0.0,0.0
348,DrugService,true,5.0,0.0,0.0
348,AssistanceService,true,9.0

349,MedicalService1,true,4.0,0.0,0.0
349,DrugService,true,5.0,0.0,0.0
349,AssistanceService,true,9.0

350,MedicalService3,true,2.15,0.0,0.0
350,AlarmService2,true,12.0,0.0,0.0
350,AssistanceService,true,14.15

351,MedicalService1,true,4.0,0.0,0.0
351,DrugService,true,5.0,0.0,0.0
351,AssistanceService,true,9.0

352,MedicalService2,true,14.0,0.0,0.0
352,DrugService,true,5.0,0.0,0.0
352,AssistanceService,true,19.0

353,MedicalService3,true,2.15,0.0,0.0
353,DrugService,true,5.0,0.0,0.0
353,AssistanceService,true,7.15

354,MedicalService1,true,4.0,0.0,0.0
354,DrugService,true,5.0,0.0,0.0
354,AssistanceService,true,9.0

355,MedicalService2,true,14.0,0.0,0.0
355,AlarmService1,true,4.0,0.0,0.0
355,AssistanceService,true,18.0

356,AlarmService3,true,2.0,0.0,0.0
356,AssistanceService,true,2.0

357,MedicalService2,true,14.0,0.0,0.0
357,AlarmService2,true,12.0,0.0,0.0
357,AssistanceService,true,26.0

358,MedicalService1,true,4.0,0.0,0.0
358,DrugService,true,5.0,0.0,0.0
358,AssistanceService,true,9.0

359,AlarmService3,true,2.0,0.0,0.0
359,AssistanceService,true,2.0

360,MedicalService3,true,2.15,0.0,0.0
360,DrugService,true,5.0,0.0,0.0
360,AssistanceService,true,7.15

361,MedicalService2,true,14.0,0.0,0.0
361,DrugService,true,5.0,0.0,0.0
361,AssistanceService,true,19.0

362,MedicalService3,true,2.15,0.0,0.0
362,AlarmService3,true,2.0,0.0,0.0
362,AssistanceService,true,4.15

363,MedicalService1,true,4.0,0.0,0.0
363,AlarmService2,true,12.0,0.0,0.0
363,AssistanceService,true,16.0

364,AlarmService3,true,2.0,0.0,0.0
364,AssistanceService,true,2.0

365,MedicalService2,true,14.0,0.0,0.0
365,AlarmService1,true,4.0,0.0,0.0
365,AssistanceService,true,18.0

366,MedicalService1,true,4.0,0.0,0.0
366,DrugService,true,5.0,0.0,0.0
366,AssistanceService,true,9.0

367,MedicalService3,true,2.15,0.0,0.0
367,DrugService,true,5.0,0.0,0.0
367,AssistanceService,true,7.15

368,MedicalService2,true,14.0,0.0,0.0
368,DrugService,true,5.0,0.0,0.0
368,AssistanceService,true,19.0

369,AlarmService2,true,12.0,0.0,0.0
369,AssistanceService,true,12.0

370,AlarmService3,true,2.0,0.0,0.0
370,AssistanceService,true,2.0

371,MedicalService3,true,2.15,0.0,0.0
371,DrugService,true,5.0,0.0,0.0
371,AssistanceService,true,7.15

372,MedicalService1,true,4.0,0.0,0.0
372,DrugService,true,5.0,0.0,0.0
372,AssistanceService,true,9.0

373,MedicalService2,true,14.0,0.0,0.0
373,AlarmService3,true,2.0,0.0,0.0
373,AssistanceService,true,16.0

374,MedicalService1,true,4.0,0.0,0.0
374,DrugService,true,5.0,0.0,0.0
374,AssistanceService,true,9.0

375,MedicalService2,true,14.0,0.0,0.0
375,DrugService,true,5.0,0.0,0.0
375,AssistanceService,true,19.0

376,MedicalService2,true,14.0,0.0,0.0
376,DrugService,true,5.0,0.0,0.0
376,AssistanceService,true,19.0

377,AlarmService1,true,4.0,0.0,0.0
377,AssistanceService,true,4.0

378,AlarmService2,true,12.0,0.0,0.0
378,AssistanceService,true,12.0

379,MedicalService2,true,14.0,0.0,0.0
379,AlarmService3,true,2.0,0.0,0.0
379,AssistanceService,true,16.0

380,MedicalService1,true,4.0,0.0,0.0
380,DrugService,true,5.0,0.0,0.0
380,AssistanceService,true,9.0

381,MedicalService2,true,14.0,0.0,0.0
381,AlarmService1,true,4.0,0.0,0.0
381,AssistanceService,true,18.0

382,MedicalService2,true,14.0,0.0,0.0
382,AlarmService3,true,2.0,0.0,0.0
382,AssistanceService,true,16.0

383,MedicalService1,true,4.0,0.0,0.0
383,DrugService,true,5.0,0.0,0.0
383,AssistanceService,true,9.0

384,AlarmService3,true,2.0,0.0,0.0
384,AssistanceService,true,2.0

385,AlarmService3,true,2.0,0.0,0.0
385,AssistanceService,true,2.0

386,MedicalService3,true,2.15,0.0,0.0
386,AlarmService3,true,2.0,0.0,0.0
386,AssistanceService,true,4.15

387,MedicalService3,true,2.15,0.0,0.0
387,DrugService,true,5.0,0.0,0.0
387,AssistanceService,true,7.15

388,MedicalService2,true,14.0,0.0,0.0
388,DrugService,true,5.0,0.0,0.0
388,AssistanceService,true,19.0

389,MedicalService3,true,2.15,0.0,0.0
389,AlarmService1,true,4.0,0.0,0.0
389,AssistanceService,true,6.15

390,MedicalService2,true,14.0,0.0,0.0
390,DrugService,true,5.0,0.0,0.0
390,AssistanceService,true,19.0

391,MedicalService2,true,14.0,0.0,0.0
391,AlarmService3,true,2.0,0.0,0.0
391,AssistanceService,true,16.0

392,MedicalService2,true,14.0,0.0,0.0
392,DrugService,true,5.0,0.0,0.0
392,AssistanceService,true,19.0

393,AlarmService1,true,4.0,0.0,0.0
393,AssistanceService,true,4.0

394,MedicalService2,true,14.0,0.0,0.0
394,DrugService,true,5.0,0.0,0.0
394,AssistanceService,true,19.0

395,MedicalService1,true,4.0,0.0,0.0
395,AlarmService2,true,12.0,0.0,0.0
395,AssistanceService,true,16.0

396,AlarmService3,true,2.0,0.0,0.0
396,AssistanceService,true,2.0

397,MedicalService3,true,2.15,0.0,0.0
397,AlarmService2,true,12.0,0.0,0.0
397,AssistanceService,true,14.15

398,AlarmService1,true,4.0,0.0,0.0
398,AssistanceService,true,4.0

399,AlarmService3,true,2.0,0.0,0.0
399,AssistanceService,true,2.0

400,MedicalService1,true,4.0,0.0,0.0
400,DrugService,true,5.0,0.0,0.0
400,AssistanceService,true,9.0

401,AlarmService2,true,12.0,0.0,0.0
401,AssistanceService,true,12.0

402,AlarmService1,true,4.0,0.0,0.0
402,AssistanceService,true,4.0

403,MedicalService2,true,14.0,0.0,0.0
403,AlarmService1,true,4.0,0.0,0.0
403,AssistanceService,true,18.0

404,MedicalService3,true,2.15,0.0,0.0
404,DrugService,true,5.0,0.0,0.0
404,AssistanceService,true,7.15

405,MedicalService2,true,14.0,0.0,0.0
405,DrugService,true,5.0,0.0,0.0
405,AssistanceService,true,19.0

406,MedicalService3,true,2.15,0.0,0.0
406,DrugService,true,5.0,0.0,0.0
406,AssistanceService,true,7.15

407,MedicalService2,true,14.0,0.0,0.0
407,DrugService,true,5.0,0.0,0.0
407,AssistanceService,true,19.0

408,AlarmService2,true,12.0,0.0,0.0
408,AssistanceService,true,12.0

409,MedicalService1,true,4.0,0.0,0.0
409,DrugService,true,5.0,0.0,0.0
409,AssistanceService,true,9.0

410,MedicalService1,true,4.0,0.0,0.0
410,DrugService,true,5.0,0.0,0.0
410,AssistanceService,true,9.0

411,MedicalService2,true,14.0,0.0,0.0
411,AlarmService3,true,2.0,0.0,0.0
411,AssistanceService,true,16.0

412,AlarmService3,true,2.0,0.0,0.0
412,AssistanceService,true,2.0

413,MedicalService3,true,2.15,0.0,0.0
413,AlarmService2,true,12.0,0.0,0.0
413,AssistanceService,true,14.15

414,MedicalService2,true,14.0,0.0,0.0
414,DrugService,true,5.0,0.0,0.0
414,AssistanceService,true,19.0

415,MedicalService3,true,2.15,0.0,0.0
415,DrugService,true,5.0,0.0,0.0
415,AssistanceService,true,7.15

416,MedicalService2,true,14.0,0.0,0.0
416,AlarmService2,true,12.0,0.0,0.0
416,AssistanceService,true,26.0

417,MedicalService3,true,2.15,0.0,0.0
417,DrugService,true,5.0,0.0,0.0
417,AssistanceService,true,7.15

418,MedicalService3,true,2.15,0.0,0.0
418,AlarmService2,true,12.0,0.0,0.0
418,AssistanceService,true,14.15

419,MedicalService1,true,4.0,0.0,0.0
419,AlarmService1,true,4.0,0.0,0.0
419,AssistanceService,true,8.0

420,MedicalService2,true,14.0,0.0,0.0
420,DrugService,true,5.0,0.0,0.0
420,AssistanceService,true,19.0

421,MedicalService2,true,14.0,0.0,0.0
421,DrugService,true,5.0,0.0,0.0
421,AssistanceService,true,19.0

422,AlarmService2,true,12.0,0.0,0.0
422,AssistanceService,true,12.0

423,AlarmService3,true,2.0,0.0,0.0
423,AssistanceService,true,2.0

424,AlarmService2,true,12.0,0.0,0.0
424,AssistanceService,true,12.0

425,MedicalService2,true,14.0,0.0,0.0
425,DrugService,true,5.0,0.0,0.0
425,AssistanceService,true,19.0

426,MedicalService2,true,14.0,0.0,0.0
426,AlarmService2,true,12.0,0.0,0.0
426,AssistanceService,true,26.0

427,AlarmService1,true,4.0,0.0,0.0
427,AssistanceService,true,4.0

428,MedicalService3,true,2.15,0.0,0.0
428,AlarmService2,true,12.0,0.0,0.0
428,AssistanceService,true,14.15

429,MedicalService2,true,14.0,0.0,0.0
429,AlarmService1,true,4.0,0.0,0.0
429,AssistanceService,true,18.0

430,AlarmService1,true,4.0,0.0,0.0
430,AssistanceService,true,4.0

431,MedicalService1,true,4.0,0.0,0.0
431,AlarmService1,true,4.0,0.0,0.0
431,AssistanceService,true,8.0

432,MedicalService2,true,14.0,0.0,0.0
432,AlarmService1,true,4.0,0.0,0.0
432,AssistanceService,true,18.0

433,AlarmService1,true,4.0,0.0,0.0
433,AssistanceService,true,4.0

434,AlarmService2,true,12.0,0.0,0.0
434,AssistanceService,true,12.0

435,AlarmService2,true,12.0,0.0,0.0
435,AssistanceService,true,12.0

436,AlarmService1,true,4.0,0.0,0.0
436,AssistanceService,true,4.0

437,MedicalService3,true,2.15,0.0,0.0
437,DrugService,true,5.0,0.0,0.0
437,AssistanceService,true,7.15

438,AlarmService3,true,2.0,0.0,0.0
438,AssistanceService,true,2.0

439,MedicalService2,true,14.0,0.0,0.0
439,AlarmService1,true,4.0,0.0,0.0
439,AssistanceService,true,18.0

440,MedicalService2,true,14.0,0.0,0.0
440,DrugService,true,5.0,0.0,0.0
440,AssistanceService,true,19.0

441,MedicalService3,true,2.15,0.0,0.0
441,DrugService,true,5.0,0.0,0.0
441,AssistanceService,true,7.15

442,MedicalService1,true,4.0,0.0,0.0
442,DrugService,true,5.0,0.0,0.0
442,AssistanceService,true,9.0

443,MedicalService1,true,4.0,0.0,0.0
443,DrugService,true,5.0,0.0,0.0
443,AssistanceService,true,9.0

444,MedicalService1,true,4.0,0.0,0.0
444,DrugService,true,5.0,0.0,0.0
444,AssistanceService,true,9.0

445,MedicalService1,true,4.0,0.0,0.0
445,DrugService,true,5.0,0.0,0.0
445,AssistanceService,true,9.0

446,AlarmService2,true,12.0,0.0,0.0
446,AssistanceService,true,12.0

447,MedicalService1,true,4.0,0.0,0.0
447,DrugService,true,5.0,0.0,0.0
447,AssistanceService,true,9.0

448,AlarmService2,true,12.0,0.0,0.0
448,AssistanceService,true,12.0

449,AlarmService3,true,2.0,0.0,0.0
449,AssistanceService,true,2.0

450,MedicalService1,true,4.0,0.0,0.0
450,DrugService,true,5.0,0.0,0.0
450,AssistanceService,true,9.0

451,MedicalService3,true,2.15,0.0,0.0
451,DrugService,true,5.0,0.0,0.0
451,AssistanceService,true,7.15

452,MedicalService3,true,2.15,0.0,0.0
452,DrugService,true,5.0,0.0,0.0
452,AssistanceService,true,7.15

453,MedicalService3,true,2.15,0.0,0.0
453,AlarmService3,true,2.0,0.0,0.0
453,AssistanceService,true,4.15

454,MedicalService1,true,4.0,0.0,0.0
454,DrugService,true,5.0,0.0,0.0
454,AssistanceService,true,9.0

455,MedicalService2,true,14.0,0.0,0.0
455,DrugService,true,5.0,0.0,0.0
455,AssistanceService,true,19.0

456,MedicalService3,true,2.15,0.0,0.0
456,AlarmService1,true,4.0,0.0,0.0
456,AssistanceService,true,6.15

457,MedicalService3,true,2.15,0.0,0.0
457,DrugService,true,5.0,0.0,0.0
457,AssistanceService,true,7.15

458,AlarmService1,true,4.0,0.0,0.0
458,AssistanceService,true,4.0

459,MedicalService2,true,14.0,0.0,0.0
459,DrugService,true,5.0,0.0,0.0
459,AssistanceService,true,19.0

460,MedicalService2,true,14.0,0.0,0.0
460,AlarmService2,true,12.0,0.0,0.0
460,AssistanceService,true,26.0

461,MedicalService1,true,4.0,0.0,0.0
461,DrugService,true,5.0,0.0,0.0
461,AssistanceService,true,9.0

462,MedicalService3,true,2.15,0.0,0.0
462,DrugService,true,5.0,0.0,0.0
462,AssistanceService,true,7.15

463,MedicalService1,true,4.0,0.0,0.0
463,DrugService,true,5.0,0.0,0.0
463,AssistanceService,true,9.0

464,MedicalService3,true,2.15,0.0,0.0
464,DrugService,true,5.0,0.0,0.0
464,AssistanceService,true,7.15

465,MedicalService2,true,14.0,0.0,0.0
465,AlarmService3,true,2.0,0.0,0.0
465,AssistanceService,true,16.0

466,MedicalService3,true,2.15,0.0,0.0
466,AlarmService3,true,2.0,0.0,0.0
466,AssistanceService,true,4.15

467,MedicalService2,true,14.0,0.0,0.0
467,AlarmService3,true,2.0,0.0,0.0
467,AssistanceService,true,16.0

468,MedicalService2,true,14.0,0.0,0.0
468,DrugService,true,5.0,0.0,0.0
468,AssistanceService,true,19.0

469,MedicalService2,true,14.0,0.0,0.0
469,DrugService,true,5.0,0.0,0.0
469,AssistanceService,true,19.0

470,MedicalService3,true,2.15,0.0,0.0
470,AlarmService3,true,2.0,0.0,0.0
470,AssistanceService,true,4.15

471,MedicalService3,true,2.15,0.0,0.0
471,DrugService,true,5.0,0.0,0.0
471,AssistanceService,true,7.15

472,AlarmService1,true,4.0,0.0,0.0
472,AssistanceService,true,4.0

473,AlarmService2,true,12.0,0.0,0.0
473,AssistanceService,true,12.0

474,MedicalService2,true,14.0,0.0,0.0
474,DrugService,true,5.0,0.0,0.0
474,AssistanceService,true,19.0

475,AlarmService1,true,4.0,0.0,0.0
475,AssistanceService,true,4.0

476,MedicalService2,true,14.0,0.0,0.0
476,AlarmService1,true,4.0,0.0,0.0
476,AssistanceService,true,18.0

477,AlarmService1,true,4.0,0.0,0.0
477,AssistanceService,true,4.0

478,AlarmService1,true,4.0,0.0,0.0
478,AssistanceService,true,4.0

479,MedicalService3,true,2.15,0.0,0.0
479,DrugService,true,5.0,0.0,0.0
479,AssistanceService,true,7.15

480,MedicalService1,true,4.0,0.0,0.0
480,AlarmService1,true,4.0,0.0,0.0
480,AssistanceService,true,8.0

481,MedicalService2,true,14.0,0.0,0.0
481,AlarmService1,true,4.0,0.0,0.0
481,AssistanceService,true,18.0

482,MedicalService1,true,4.0,0.0,0.0
482,AlarmService1,true,4.0,0.0,0.0
482,AssistanceService,true,8.0

483,MedicalService3,true,2.15,0.0,0.0
483,DrugService,true,5.0,0.0,0.0
483,AssistanceService,true,7.15

484,MedicalService2,true,14.0,0.0,0.0
484,DrugService,true,5.0,0.0,0.0
484,AssistanceService,true,19.0

485,MedicalService1,true,4.0,0.0,0.0
485,AlarmService2,true,12.0,0.0,0.0
485,AssistanceService,true,16.0

486,MedicalService2,true,14.0,0.0,0.0
486,DrugService,true,5.0,0.0,0.0
486,AssistanceService,true,19.0

487,MedicalService1,true,4.0,0.0,0.0
487,AlarmService2,true,12.0,0.0,0.0
487,AssistanceService,true,16.0

488,AlarmService2,true,12.0,0.0,0.0
488,AssistanceService,true,12.0

489,AlarmService1,true,4.0,0.0,0.0
489,AssistanceService,true,4.0

490,MedicalService1,true,4.0,0.0,0.0
490,DrugService,true,5.0,0.0,0.0
490,AssistanceService,true,9.0

491,MedicalService2,true,14.0,0.0,0.0
491,DrugService,true,5.0,0.0,0.0
491,AssistanceService,true,19.0

492,MedicalService1,true,4.0,0.0,0.0
492,DrugService,true,5.0,0.0,0.0
492,AssistanceService,true,9.0

493,MedicalService1,true,4.0,0.0,0.0
493,DrugService,true,5.0,0.0,0.0
493,AssistanceService,true,9.0

494,AlarmService1,true,4.0,0.0,0.0
494,AssistanceService,true,4.0

495,MedicalService2,true,14.0,0.0,0.0
495,AlarmService2,true,12.0,0.0,0.0
495,AssistanceService,true,26.0

496,MedicalService2,true,14.0,0.0,0.0
496,AlarmService2,true,12.0,0.0,0.0
496,AssistanceService,true,26.0

497,MedicalService1,true,4.0,0.0,0.0
497,DrugService,true,5.0,0.0,0.0
497,AssistanceService,true,9.0

498,AlarmService1,true,4.0,0.0,0.0
498,AssistanceService,true,4.0

499,MedicalService2,true,14.0,0.0,0.0
499,DrugService,true,5.0,0.0,0.0
499,AssistanceService,true,19.0

500,AlarmService1,true,4.0,0.0,0.0
500,AssistanceService,true,4.0

501,MedicalService1,true,4.0,0.0,0.0
501,DrugService,true,5.0,0.0,0.0
501,AssistanceService,true,9.0

502,MedicalService2,true,14.0,0.0,0.0
502,DrugService,true,5.0,0.0,0.0
502,AssistanceService,true,19.0

503,MedicalService1,true,4.0,0.0,0.0
503,AlarmService2,true,12.0,0.0,0.0
503,AssistanceService,true,16.0

504,MedicalService1,true,4.0,0.0,0.0
504,DrugService,true,5.0,0.0,0.0
504,AssistanceService,true,9.0

505,MedicalService2,true,14.0,0.0,0.0
505,DrugService,true,5.0,0.0,0.0
505,AssistanceService,true,19.0

506,AlarmService1,true,4.0,0.0,0.0
506,AssistanceService,true,4.0

507,AlarmService2,true,12.0,0.0,0.0
507,AssistanceService,true,12.0

508,MedicalService1,true,4.0,0.0,0.0
508,DrugService,true,5.0,0.0,0.0
508,AssistanceService,true,9.0

509,MedicalService2,true,14.0,0.0,0.0
509,DrugService,true,5.0,0.0,0.0
509,AssistanceService,true,19.0

510,MedicalService2,true,14.0,0.0,0.0
510,DrugService,true,5.0,0.0,0.0
510,AssistanceService,true,19.0

511,MedicalService3,true,2.15,0.0,0.0
511,AlarmService2,true,12.0,0.0,0.0
511,AssistanceService,true,14.15

512,MedicalService1,true,4.0,0.0,0.0
512,DrugService,true,5.0,0.0,0.0
512,AssistanceService,true,9.0

513,MedicalService1,true,4.0,0.0,0.0
513,DrugService,true,5.0,0.0,0.0
513,AssistanceService,true,9.0

514,AlarmService2,true,12.0,0.0,0.0
514,AssistanceService,true,12.0

515,MedicalService1,true,4.0,0.0,0.0
515,DrugService,true,5.0,0.0,0.0
515,AssistanceService,true,9.0

516,MedicalService3,true,2.15,0.0,0.0
516,DrugService,true,5.0,0.0,0.0
516,AssistanceService,true,7.15

517,AlarmService3,true,2.0,0.0,0.0
517,AssistanceService,true,2.0

518,MedicalService3,true,2.15,0.0,0.0
518,DrugService,true,5.0,0.0,0.0
518,AssistanceService,true,7.15

519,MedicalService1,true,4.0,0.0,0.0
519,AlarmService2,true,12.0,0.0,0.0
519,AssistanceService,true,16.0

520,MedicalService3,true,2.15,0.0,0.0
520,DrugService,true,5.0,0.0,0.0
520,AssistanceService,true,7.15

521,MedicalService3,true,2.15,0.0,0.0
521,DrugService,true,5.0,0.0,0.0
521,AssistanceService,true,7.15

522,MedicalService2,true,14.0,0.0,0.0
522,AlarmService1,true,4.0,0.0,0.0
522,AssistanceService,true,18.0

523,AlarmService2,true,12.0,0.0,0.0
523,AssistanceService,true,12.0

524,MedicalService2,true,14.0,0.0,0.0
524,AlarmService3,true,2.0,0.0,0.0
524,AssistanceService,true,16.0

525,AlarmService3,true,2.0,0.0,0.0
525,AssistanceService,true,2.0

526,MedicalService2,true,14.0,0.0,0.0
526,AlarmService1,true,4.0,0.0,0.0
526,AssistanceService,true,18.0

527,AlarmService2,true,12.0,0.0,0.0
527,AssistanceService,true,12.0

528,MedicalService2,true,14.0,0.0,0.0
528,DrugService,true,5.0,0.0,0.0
528,AssistanceService,true,19.0

529,MedicalService3,true,2.15,0.0,0.0
529,DrugService,true,5.0,0.0,0.0
529,AssistanceService,true,7.15

530,MedicalService3,true,2.15,0.0,0.0
530,DrugService,true,5.0,0.0,0.0
530,AssistanceService,true,7.15

531,MedicalService3,true,2.15,0.0,0.0
531,DrugService,true,5.0,0.0,0.0
531,AssistanceService,true,7.15

532,MedicalService2,true,14.0,0.0,0.0
532,AlarmService3,true,2.0,0.0,0.0
532,AssistanceService,true,16.0

533,MedicalService1,true,4.0,0.0,0.0
533,DrugService,true,5.0,0.0,0.0
533,AssistanceService,true,9.0

534,MedicalService1,true,4.0,0.0,0.0
534,DrugService,true,5.0,0.0,0.0
534,AssistanceService,true,9.0

535,MedicalService2,true,14.0,0.0,0.0
535,DrugService,true,5.0,0.0,0.0
535,AssistanceService,true,19.0

536,MedicalService2,true,14.0,0.0,0.0
536,DrugService,true,5.0,0.0,0.0
536,AssistanceService,true,19.0

537,MedicalService3,true,2.15,0.0,0.0
537,AlarmService1,true,4.0,0.0,0.0
537,AssistanceService,true,6.15

538,AlarmService2,true,12.0,0.0,0.0
538,AssistanceService,true,12.0

539,AlarmService2,true,12.0,0.0,0.0
539,AssistanceService,true,12.0

540,MedicalService2,true,14.0,0.0,0.0
540,AlarmService2,true,12.0,0.0,0.0
540,AssistanceService,true,26.0

541,MedicalService2,true,14.0,0.0,0.0
541,DrugService,true,5.0,0.0,0.0
541,AssistanceService,true,19.0

542,MedicalService1,true,4.0,0.0,0.0
542,DrugService,true,5.0,0.0,0.0
542,AssistanceService,true,9.0

543,MedicalService1,true,4.0,0.0,0.0
543,DrugService,true,5.0,0.0,0.0
543,AssistanceService,true,9.0

544,AlarmService2,true,12.0,0.0,0.0
544,AssistanceService,true,12.0

545,MedicalService1,true,4.0,0.0,0.0
545,DrugService,true,5.0,0.0,0.0
545,AssistanceService,true,9.0

546,AlarmService1,true,4.0,0.0,0.0
546,AssistanceService,true,4.0

547,MedicalService1,true,4.0,0.0,0.0
547,DrugService,true,5.0,0.0,0.0
547,AssistanceService,true,9.0

548,MedicalService2,true,14.0,0.0,0.0
548,DrugService,true,5.0,0.0,0.0
548,AssistanceService,true,19.0

549,MedicalService2,true,14.0,0.0,0.0
549,DrugService,true,5.0,0.0,0.0
549,AssistanceService,true,19.0

550,MedicalService1,true,4.0,0.0,0.0
550,DrugService,true,5.0,0.0,0.0
550,AssistanceService,true,9.0

551,MedicalService1,true,4.0,0.0,0.0
551,DrugService,true,5.0,0.0,0.0
551,AssistanceService,true,9.0

552,MedicalService2,true,14.0,0.0,0.0
552,AlarmService2,true,12.0,0.0,0.0
552,AssistanceService,true,26.0

553,MedicalService1,true,4.0,0.0,0.0
553,DrugService,true,5.0,0.0,0.0
553,AssistanceService,true,9.0

554,MedicalService3,true,2.15,0.0,0.0
554,DrugService,true,5.0,0.0,0.0
554,AssistanceService,true,7.15

555,MedicalService2,true,14.0,0.0,0.0
555,DrugService,true,5.0,0.0,0.0
555,AssistanceService,true,19.0

556,AlarmService3,true,2.0,0.0,0.0
556,AssistanceService,true,2.0

557,MedicalService3,true,2.15,0.0,0.0
557,DrugService,true,5.0,0.0,0.0
557,AssistanceService,true,7.15

558,MedicalService2,true,14.0,0.0,0.0
558,DrugService,true,5.0,0.0,0.0
558,AssistanceService,true,19.0

559,MedicalService2,true,14.0,0.0,0.0
559,DrugService,true,5.0,0.0,0.0
559,AssistanceService,true,19.0

560,MedicalService3,true,2.15,0.0,0.0
560,AlarmService3,true,2.0,0.0,0.0
560,AssistanceService,true,4.15

561,MedicalService3,true,2.15,0.0,0.0
561,AlarmService1,true,4.0,0.0,0.0
561,AssistanceService,true,6.15

562,MedicalService1,true,4.0,0.0,0.0
562,AlarmService2,true,12.0,0.0,0.0
562,AssistanceService,true,16.0

563,MedicalService3,true,2.15,0.0,0.0
563,AlarmService3,true,2.0,0.0,0.0
563,AssistanceService,true,4.15

564,MedicalService2,true,14.0,0.0,0.0
564,DrugService,true,5.0,0.0,0.0
564,AssistanceService,true,19.0

565,MedicalService3,true,2.15,0.0,0.0
565,DrugService,true,5.0,0.0,0.0
565,AssistanceService,true,7.15

566,AlarmService2,true,12.0,0.0,0.0
566,AssistanceService,true,12.0

567,MedicalService2,true,14.0,0.0,0.0
567,AlarmService3,true,2.0,0.0,0.0
567,AssistanceService,true,16.0

568,MedicalService3,true,2.15,0.0,0.0
568,DrugService,true,5.0,0.0,0.0
568,AssistanceService,true,7.15

569,AlarmService1,true,4.0,0.0,0.0
569,AssistanceService,true,4.0

570,MedicalService1,true,4.0,0.0,0.0
570,DrugService,true,5.0,0.0,0.0
570,AssistanceService,true,9.0

571,AlarmService2,true,12.0,0.0,0.0
571,AssistanceService,true,12.0

572,MedicalService1,true,4.0,0.0,0.0
572,DrugService,true,5.0,0.0,0.0
572,AssistanceService,true,9.0

573,MedicalService3,true,2.15,0.0,0.0
573,AlarmService1,true,4.0,0.0,0.0
573,AssistanceService,true,6.15

574,MedicalService2,true,14.0,0.0,0.0
574,DrugService,true,5.0,0.0,0.0
574,AssistanceService,true,19.0

575,MedicalService2,true,14.0,0.0,0.0
575,DrugService,true,5.0,0.0,0.0
575,AssistanceService,true,19.0

576,AlarmService3,true,2.0,0.0,0.0
576,AssistanceService,true,2.0

577,MedicalService1,true,4.0,0.0,0.0
577,DrugService,true,5.0,0.0,0.0
577,AssistanceService,true,9.0

578,AlarmService2,true,12.0,0.0,0.0
578,AssistanceService,true,12.0

579,MedicalService1,true,4.0,0.0,0.0
579,DrugService,true,5.0,0.0,0.0
579,AssistanceService,true,9.0

580,MedicalService3,true,2.15,0.0,0.0
580,DrugService,true,5.0,0.0,0.0
580,AssistanceService,true,7.15

581,AlarmService3,true,2.0,0.0,0.0
581,AssistanceService,true,2.0

582,AlarmService1,true,4.0,0.0,0.0
582,AssistanceService,true,4.0

583,MedicalService3,true,2.15,0.0,0.0
583,AlarmService3,true,2.0,0.0,0.0
583,AssistanceService,true,4.15

584,MedicalService2,true,14.0,0.0,0.0
584,DrugService,true,5.0,0.0,0.0
584,AssistanceService,true,19.0

585,MedicalService3,true,2.15,0.0,0.0
585,DrugService,true,5.0,0.0,0.0
585,AssistanceService,true,7.15

586,MedicalService3,true,2.15,0.0,0.0
586,DrugService,true,5.0,0.0,0.0
586,AssistanceService,true,7.15

587,MedicalService2,true,14.0,0.0,0.0
587,DrugService,true,5.0,0.0,0.0
587,AssistanceService,true,19.0

588,MedicalService1,true,4.0,0.0,0.0
588,AlarmService2,true,12.0,0.0,0.0
588,AssistanceService,true,16.0

589,AlarmService3,true,2.0,0.0,0.0
589,AssistanceService,true,2.0

590,AlarmService1,true,4.0,0.0,0.0
590,AssistanceService,true,4.0

591,MedicalService2,true,14.0,0.0,0.0
591,DrugService,true,5.0,0.0,0.0
591,AssistanceService,true,19.0

592,MedicalService1,true,4.0,0.0,0.0
592,AlarmService2,true,12.0,0.0,0.0
592,AssistanceService,true,16.0

593,MedicalService1,true,4.0,0.0,0.0
593,DrugService,true,5.0,0.0,0.0
593,AssistanceService,true,9.0

594,MedicalService2,true,14.0,0.0,0.0
594,DrugService,true,5.0,0.0,0.0
594,AssistanceService,true,19.0

595,AlarmService3,true,2.0,0.0,0.0
595,AssistanceService,true,2.0

596,MedicalService2,true,14.0,0.0,0.0
596,DrugService,true,5.0,0.0,0.0
596,AssistanceService,true,19.0

597,MedicalService1,true,4.0,0.0,0.0
597,DrugService,true,5.0,0.0,0.0
597,AssistanceService,true,9.0

598,AlarmService1,true,4.0,0.0,0.0
598,AssistanceService,true,4.0

599,MedicalService2,true,14.0,0.0,0.0
599,DrugService,true,5.0,0.0,0.0
599,AssistanceService,true,19.0

600,MedicalService3,true,2.15,0.0,0.0
600,AlarmService2,true,12.0,0.0,0.0
600,AssistanceService,true,14.15

601,MedicalService2,true,14.0,0.0,0.0
601,DrugService,true,5.0,0.0,0.0
601,AssistanceService,true,19.0

602,MedicalService1,true,4.0,0.0,0.0
602,AlarmService1,true,4.0,0.0,0.0
602,AssistanceService,true,8.0

603,MedicalService3,true,2.15,0.0,0.0
603,DrugService,true,5.0,0.0,0.0
603,AssistanceService,true,7.15

604,MedicalService1,true,4.0,0.0,0.0
604,DrugService,true,5.0,0.0,0.0
604,AssistanceService,true,9.0

605,MedicalService2,true,14.0,0.0,0.0
605,AlarmService3,true,2.0,0.0,0.0
605,AssistanceService,true,16.0

606,AlarmService1,true,4.0,0.0,0.0
606,AssistanceService,true,4.0

607,MedicalService3,true,2.15,0.0,0.0
607,AlarmService2,true,12.0,0.0,0.0
607,AssistanceService,true,14.15

608,MedicalService2,true,14.0,0.0,0.0
608,DrugService,true,5.0,0.0,0.0
608,AssistanceService,true,19.0

609,MedicalService2,true,14.0,0.0,0.0
609,AlarmService1,true,4.0,0.0,0.0
609,AssistanceService,true,18.0

610,AlarmService1,true,4.0,0.0,0.0
610,AssistanceService,true,4.0

611,MedicalService2,true,14.0,0.0,0.0
611,DrugService,true,5.0,0.0,0.0
611,AssistanceService,true,19.0

612,AlarmService1,true,4.0,0.0,0.0
612,AssistanceService,true,4.0

613,MedicalService1,true,4.0,0.0,0.0
613,DrugService,true,5.0,0.0,0.0
613,AssistanceService,true,9.0

614,MedicalService1,true,4.0,0.0,0.0
614,AlarmService2,true,12.0,0.0,0.0
614,AssistanceService,true,16.0

615,AlarmService1,true,4.0,0.0,0.0
615,AssistanceService,true,4.0

616,MedicalService1,true,4.0,0.0,0.0
616,DrugService,true,5.0,0.0,0.0
616,AssistanceService,true,9.0

617,AlarmService3,true,2.0,0.0,0.0
617,AssistanceService,true,2.0

618,MedicalService2,true,14.0,0.0,0.0
618,AlarmService3,true,2.0,0.0,0.0
618,AssistanceService,true,16.0

619,MedicalService3,true,2.15,0.0,0.0
619,AlarmService2,true,12.0,0.0,0.0
619,AssistanceService,true,14.15

620,AlarmService1,true,4.0,0.0,0.0
620,AssistanceService,true,4.0

621,MedicalService2,true,14.0,0.0,0.0
621,DrugService,true,5.0,0.0,0.0
621,AssistanceService,true,19.0

622,MedicalService3,true,2.15,0.0,0.0
622,DrugService,true,5.0,0.0,0.0
622,AssistanceService,true,7.15

623,AlarmService2,true,12.0,0.0,0.0
623,AssistanceService,true,12.0

624,MedicalService2,true,14.0,0.0,0.0
624,DrugService,true,5.0,0.0,0.0
624,AssistanceService,true,19.0

625,MedicalService1,true,4.0,0.0,0.0
625,AlarmService3,true,2.0,0.0,0.0
625,AssistanceService,true,6.0

626,MedicalService3,true,2.15,0.0,0.0
626,DrugService,true,5.0,0.0,0.0
626,AssistanceService,true,7.15

627,MedicalService1,true,4.0,0.0,0.0
627,DrugService,true,5.0,0.0,0.0
627,AssistanceService,true,9.0

628,AlarmService1,true,4.0,0.0,0.0
628,AssistanceService,true,4.0

629,MedicalService3,true,2.15,0.0,0.0
629,AlarmService1,true,4.0,0.0,0.0
629,AssistanceService,true,6.15

630,MedicalService2,true,14.0,0.0,0.0
630,DrugService,true,5.0,0.0,0.0
630,AssistanceService,true,19.0

631,MedicalService3,true,2.15,0.0,0.0
631,AlarmService3,true,2.0,0.0,0.0
631,AssistanceService,true,4.15

632,MedicalService2,true,14.0,0.0,0.0
632,DrugService,true,5.0,0.0,0.0
632,AssistanceService,true,19.0

633,MedicalService2,true,14.0,0.0,0.0
633,AlarmService3,true,2.0,0.0,0.0
633,AssistanceService,true,16.0

634,AlarmService2,true,12.0,0.0,0.0
634,AssistanceService,true,12.0

635,MedicalService1,true,4.0,0.0,0.0
635,DrugService,true,5.0,0.0,0.0
635,AssistanceService,true,9.0

636,MedicalService1,true,4.0,0.0,0.0
636,AlarmService1,true,4.0,0.0,0.0
636,AssistanceService,true,8.0

637,MedicalService1,true,4.0,0.0,0.0
637,AlarmService2,true,12.0,0.0,0.0
637,AssistanceService,true,16.0

638,MedicalService2,true,14.0,0.0,0.0
638,AlarmService1,true,4.0,0.0,0.0
638,AssistanceService,true,18.0

639,MedicalService3,true,2.15,0.0,0.0
639,AlarmService1,true,4.0,0.0,0.0
639,AssistanceService,true,6.15

640,AlarmService3,true,2.0,0.0,0.0
640,AssistanceService,true,2.0

641,MedicalService3,true,2.15,0.0,0.0
641,AlarmService1,true,4.0,0.0,0.0
641,AssistanceService,true,6.15

642,MedicalService2,true,14.0,0.0,0.0
642,DrugService,true,5.0,0.0,0.0
642,AssistanceService,true,19.0

643,AlarmService1,true,4.0,0.0,0.0
643,AssistanceService,true,4.0

644,MedicalService3,true,2.15,0.0,0.0
644,DrugService,true,5.0,0.0,0.0
644,AssistanceService,true,7.15

645,MedicalService3,true,2.15,0.0,0.0
645,AlarmService1,true,4.0,0.0,0.0
645,AssistanceService,true,6.15

646,MedicalService2,true,14.0,0.0,0.0
646,DrugService,true,5.0,0.0,0.0
646,AssistanceService,true,19.0

647,MedicalService2,true,14.0,0.0,0.0
647,AlarmService3,true,2.0,0.0,0.0
647,AssistanceService,true,16.0

648,MedicalService3,true,2.15,0.0,0.0
648,DrugService,true,5.0,0.0,0.0
648,AssistanceService,true,7.15

649,MedicalService2,true,14.0,0.0,0.0
649,DrugService,true,5.0,0.0,0.0
649,AssistanceService,true,19.0

650,MedicalService2,true,14.0,0.0,0.0
650,AlarmService2,true,12.0,0.0,0.0
650,AssistanceService,true,26.0

651,MedicalService1,true,4.0,0.0,0.0
651,DrugService,true,5.0,0.0,0.0
651,AssistanceService,true,9.0

652,MedicalService1,true,4.0,0.0,0.0
652,DrugService,true,5.0,0.0,0.0
652,AssistanceService,true,9.0

653,MedicalService2,true,14.0,0.0,0.0
653,DrugService,true,5.0,0.0,0.0
653,AssistanceService,true,19.0

654,MedicalService3,true,2.15,0.0,0.0
654,DrugService,true,5.0,0.0,0.0
654,AssistanceService,true,7.15

655,AlarmService3,true,2.0,0.0,0.0
655,AssistanceService,true,2.0

656,MedicalService1,true,4.0,0.0,0.0
656,DrugService,true,5.0,0.0,0.0
656,AssistanceService,true,9.0

657,MedicalService3,true,2.15,0.0,0.0
657,DrugService,true,5.0,0.0,0.0
657,AssistanceService,true,7.15

658,MedicalService1,true,4.0,0.0,0.0
658,DrugService,true,5.0,0.0,0.0
658,AssistanceService,true,9.0

659,MedicalService2,true,14.0,0.0,0.0
659,AlarmService1,true,4.0,0.0,0.0
659,AssistanceService,true,18.0

660,MedicalService2,true,14.0,0.0,0.0
660,AlarmService3,true,2.0,0.0,0.0
660,AssistanceService,true,16.0

661,AlarmService1,true,4.0,0.0,0.0
661,AssistanceService,true,4.0

662,AlarmService3,true,2.0,0.0,0.0
662,AssistanceService,true,2.0

663,MedicalService3,true,2.15,0.0,0.0
663,DrugService,true,5.0,0.0,0.0
663,AssistanceService,true,7.15

664,AlarmService2,true,12.0,0.0,0.0
664,AssistanceService,true,12.0

665,MedicalService2,true,14.0,0.0,0.0
665,AlarmService2,true,12.0,0.0,0.0
665,AssistanceService,true,26.0

666,AlarmService2,true,12.0,0.0,0.0
666,AssistanceService,true,12.0

667,MedicalService2,true,14.0,0.0,0.0
667,DrugService,true,5.0,0.0,0.0
667,AssistanceService,true,19.0

668,MedicalService2,true,14.0,0.0,0.0
668,DrugService,true,5.0,0.0,0.0
668,AssistanceService,true,19.0

669,AlarmService1,true,4.0,0.0,0.0
669,AssistanceService,true,4.0

670,AlarmService3,true,2.0,0.0,0.0
670,AssistanceService,true,2.0

671,MedicalService1,true,4.0,0.0,0.0
671,AlarmService3,true,2.0,0.0,0.0
671,AssistanceService,true,6.0

672,AlarmService2,true,12.0,0.0,0.0
672,AssistanceService,true,12.0

673,AlarmService1,true,4.0,0.0,0.0
673,AssistanceService,true,4.0

674,MedicalService2,true,14.0,0.0,0.0
674,AlarmService1,true,4.0,0.0,0.0
674,AssistanceService,true,18.0

675,MedicalService2,true,14.0,0.0,0.0
675,DrugService,true,5.0,0.0,0.0
675,AssistanceService,true,19.0

676,MedicalService1,true,4.0,0.0,0.0
676,DrugService,true,5.0,0.0,0.0
676,AssistanceService,true,9.0

677,MedicalService1,true,4.0,0.0,0.0
677,DrugService,true,5.0,0.0,0.0
677,AssistanceService,true,9.0

678,MedicalService1,true,4.0,0.0,0.0
678,DrugService,true,5.0,0.0,0.0
678,AssistanceService,true,9.0

679,MedicalService1,true,4.0,0.0,0.0
679,DrugService,true,5.0,0.0,0.0
679,AssistanceService,true,9.0

680,AlarmService1,true,4.0,0.0,0.0
680,AssistanceService,true,4.0

681,MedicalService1,true,4.0,0.0,0.0
681,DrugService,true,5.0,0.0,0.0
681,AssistanceService,true,9.0

682,MedicalService1,true,4.0,0.0,0.0
682,AlarmService1,true,4.0,0.0,0.0
682,AssistanceService,true,8.0

683,MedicalService2,true,14.0,0.0,0.0
683,DrugService,true,5.0,0.0,0.0
683,AssistanceService,true,19.0

684,MedicalService2,true,14.0,0.0,0.0
684,AlarmService1,true,4.0,0.0,0.0
684,AssistanceService,true,18.0

685,MedicalService1,true,4.0,0.0,0.0
685,DrugService,true,5.0,0.0,0.0
685,AssistanceService,true,9.0

686,MedicalService2,true,14.0,0.0,0.0
686,AlarmService3,true,2.0,0.0,0.0
686,AssistanceService,true,16.0

687,AlarmService3,true,2.0,0.0,0.0
687,AssistanceService,true,2.0

688,AlarmService1,true,4.0,0.0,0.0
688,AssistanceService,true,4.0

689,MedicalService1,true,4.0,0.0,0.0
689,AlarmService1,true,4.0,0.0,0.0
689,AssistanceService,true,8.0

690,AlarmService3,true,2.0,0.0,0.0
690,AssistanceService,true,2.0

691,AlarmService3,true,2.0,0.0,0.0
691,AssistanceService,true,2.0

692,MedicalService3,true,2.15,0.0,0.0
692,DrugService,true,5.0,0.0,0.0
692,AssistanceService,true,7.15

693,MedicalService1,true,4.0,0.0,0.0
693,AlarmService2,true,12.0,0.0,0.0
693,AssistanceService,true,16.0

694,MedicalService2,true,14.0,0.0,0.0
694,DrugService,true,5.0,0.0,0.0
694,AssistanceService,true,19.0

695,MedicalService2,true,14.0,0.0,0.0
695,DrugService,true,5.0,0.0,0.0
695,AssistanceService,true,19.0

696,MedicalService2,true,14.0,0.0,0.0
696,DrugService,true,5.0,0.0,0.0
696,AssistanceService,true,19.0

697,MedicalService3,true,2.15,0.0,0.0
697,DrugService,true,5.0,0.0,0.0
697,AssistanceService,true,7.15

698,MedicalService1,true,4.0,0.0,0.0
698,AlarmService2,true,12.0,0.0,0.0
698,AssistanceService,true,16.0

699,MedicalService1,true,4.0,0.0,0.0
699,AlarmService3,true,2.0,0.0,0.0
699,AssistanceService,true,6.0

700,AlarmService3,true,2.0,0.0,0.0
700,AssistanceService,true,2.0

701,MedicalService3,true,2.15,0.0,0.0
701,DrugService,true,5.0,0.0,0.0
701,AssistanceService,true,7.15

702,MedicalService1,true,4.0,0.0,0.0
702,AlarmService1,true,4.0,0.0,0.0
702,AssistanceService,true,8.0

703,AlarmService2,true,12.0,0.0,0.0
703,AssistanceService,true,12.0

704,AlarmService1,true,4.0,0.0,0.0
704,AssistanceService,true,4.0

705,MedicalService3,true,2.15,0.0,0.0
705,AlarmService1,true,4.0,0.0,0.0
705,AssistanceService,true,6.15

706,MedicalService1,true,4.0,0.0,0.0
706,DrugService,true,5.0,0.0,0.0
706,AssistanceService,true,9.0

707,MedicalService3,true,2.15,0.0,0.0
707,DrugService,true,5.0,0.0,0.0
707,AssistanceService,true,7.15

708,MedicalService2,true,14.0,0.0,0.0
708,AlarmService2,true,12.0,0.0,0.0
708,AssistanceService,true,26.0

709,AlarmService3,true,2.0,0.0,0.0
709,AssistanceService,true,2.0

710,MedicalService2,true,14.0,0.0,0.0
710,DrugService,true,5.0,0.0,0.0
710,AssistanceService,true,19.0

711,MedicalService1,true,4.0,0.0,0.0
711,DrugService,true,5.0,0.0,0.0
711,AssistanceService,true,9.0

712,MedicalService2,true,14.0,0.0,0.0
712,DrugService,true,5.0,0.0,0.0
712,AssistanceService,true,19.0

713,MedicalService2,true,14.0,0.0,0.0
713,AlarmService2,true,12.0,0.0,0.0
713,AssistanceService,true,26.0

714,MedicalService2,true,14.0,0.0,0.0
714,DrugService,true,5.0,0.0,0.0
714,AssistanceService,true,19.0

715,MedicalService3,true,2.15,0.0,0.0
715,AlarmService3,true,2.0,0.0,0.0
715,AssistanceService,true,4.15

716,MedicalService3,true,2.15,0.0,0.0
716,DrugService,true,5.0,0.0,0.0
716,AssistanceService,true,7.15

717,AlarmService2,true,12.0,0.0,0.0
717,AssistanceService,true,12.0

718,MedicalService3,true,2.15,0.0,0.0
718,DrugService,true,5.0,0.0,0.0
718,AssistanceService,true,7.15

719,MedicalService1,true,4.0,0.0,0.0
719,DrugService,true,5.0,0.0,0.0
719,AssistanceService,true,9.0

720,MedicalService3,true,2.15,0.0,0.0
720,DrugService,true,5.0,0.0,0.0
720,AssistanceService,true,7.15

721,MedicalService2,true,14.0,0.0,0.0
721,DrugService,true,5.0,0.0,0.0
721,AssistanceService,true,19.0

722,MedicalService3,true,2.15,0.0,0.0
722,DrugService,true,5.0,0.0,0.0
722,AssistanceService,true,7.15

723,MedicalService2,true,14.0,0.0,0.0
723,AlarmService2,true,12.0,0.0,0.0
723,AssistanceService,true,26.0

724,MedicalService2,true,14.0,0.0,0.0
724,DrugService,true,5.0,0.0,0.0
724,AssistanceService,true,19.0

725,MedicalService1,true,4.0,0.0,0.0
725,AlarmService2,true,12.0,0.0,0.0
725,AssistanceService,true,16.0

726,MedicalService2,true,14.0,0.0,0.0
726,AlarmService1,true,4.0,0.0,0.0
726,AssistanceService,true,18.0

727,MedicalService3,true,2.15,0.0,0.0
727,AlarmService3,true,2.0,0.0,0.0
727,AssistanceService,true,4.15

728,MedicalService3,true,2.15,0.0,0.0
728,DrugService,true,5.0,0.0,0.0
728,AssistanceService,true,7.15

729,MedicalService3,true,2.15,0.0,0.0
729,AlarmService3,true,2.0,0.0,0.0
729,AssistanceService,true,4.15

730,MedicalService3,true,2.15,0.0,0.0
730,DrugService,true,5.0,0.0,0.0
730,AssistanceService,true,7.15

731,MedicalService2,true,14.0,0.0,0.0
731,DrugService,true,5.0,0.0,0.0
731,AssistanceService,true,19.0

732,MedicalService2,true,14.0,0.0,0.0
732,DrugService,true,5.0,0.0,0.0
732,AssistanceService,true,19.0

733,MedicalService3,true,2.15,0.0,0.0
733,AlarmService3,true,2.0,0.0,0.0
733,AssistanceService,true,4.15

734,MedicalService2,true,14.0,0.0,0.0
734,DrugService,true,5.0,0.0,0.0
734,AssistanceService,true,19.0

735,MedicalService2,true,14.0,0.0,0.0
735,DrugService,true,5.0,0.0,0.0
735,AssistanceService,true,19.0

736,MedicalService2,true,14.0,0.0,0.0
736,DrugService,true,5.0,0.0,0.0
736,AssistanceService,true,19.0

737,MedicalService2,true,14.0,0.0,0.0
737,AlarmService1,true,4.0,0.0,0.0
737,AssistanceService,true,18.0

738,MedicalService1,true,4.0,0.0,0.0
738,DrugService,true,5.0,0.0,0.0
738,AssistanceService,true,9.0

739,MedicalService1,true,4.0,0.0,0.0
739,AlarmService3,true,2.0,0.0,0.0
739,AssistanceService,true,6.0

740,AlarmService2,true,12.0,0.0,0.0
740,AssistanceService,true,12.0

741,AlarmService3,true,2.0,0.0,0.0
741,AssistanceService,true,2.0

742,AlarmService1,true,4.0,0.0,0.0
742,AssistanceService,true,4.0

743,MedicalService2,true,14.0,0.0,0.0
743,AlarmService1,true,4.0,0.0,0.0
743,AssistanceService,true,18.0

744,MedicalService1,true,4.0,0.0,0.0
744,AlarmService2,true,12.0,0.0,0.0
744,AssistanceService,true,16.0

745,AlarmService3,true,2.0,0.0,0.0
745,AssistanceService,true,2.0

746,AlarmService3,true,2.0,0.0,0.0
746,AssistanceService,true,2.0

747,MedicalService3,true,2.15,0.0,0.0
747,DrugService,true,5.0,0.0,0.0
747,AssistanceService,true,7.15

748,MedicalService1,true,4.0,0.0,0.0
748,DrugService,true,5.0,0.0,0.0
748,AssistanceService,true,9.0

749,MedicalService1,true,4.0,0.0,0.0
749,DrugService,true,5.0,0.0,0.0
749,AssistanceService,true,9.0

750,MedicalService2,true,14.0,0.0,0.0
750,DrugService,true,5.0,0.0,0.0
750,AssistanceService,true,19.0

751,MedicalService3,true,2.15,0.0,0.0
751,AlarmService2,true,12.0,0.0,0.0
751,AssistanceService,true,14.15

752,MedicalService3,true,2.15,0.0,0.0
752,DrugService,true,5.0,0.0,0.0
752,AssistanceService,true,7.15

753,MedicalService3,true,2.15,0.0,0.0
753,AlarmService3,true,2.0,0.0,0.0
753,AssistanceService,true,4.15

754,MedicalService3,true,2.15,0.0,0.0
754,DrugService,true,5.0,0.0,0.0
754,AssistanceService,true,7.15

755,MedicalService1,true,4.0,0.0,0.0
755,AlarmService3,true,2.0,0.0,0.0
755,AssistanceService,true,6.0

756,MedicalService2,true,14.0,0.0,0.0
756,DrugService,true,5.0,0.0,0.0
756,AssistanceService,true,19.0

757,AlarmService3,true,2.0,0.0,0.0
757,AssistanceService,true,2.0

758,MedicalService3,true,2.15,0.0,0.0
758,DrugService,true,5.0,0.0,0.0
758,AssistanceService,true,7.15

759,MedicalService3,true,2.15,0.0,0.0
759,AlarmService1,true,4.0,0.0,0.0
759,AssistanceService,true,6.15

760,MedicalService3,true,2.15,0.0,0.0
760,DrugService,true,5.0,0.0,0.0
760,AssistanceService,true,7.15

761,MedicalService3,true,2.15,0.0,0.0
761,AlarmService2,true,12.0,0.0,0.0
761,AssistanceService,true,14.15

762,MedicalService2,true,14.0,0.0,0.0
762,DrugService,true,5.0,0.0,0.0
762,AssistanceService,true,19.0

763,AlarmService3,true,2.0,0.0,0.0
763,AssistanceService,true,2.0

764,MedicalService2,true,14.0,0.0,0.0
764,AlarmService3,true,2.0,0.0,0.0
764,AssistanceService,true,16.0

765,MedicalService1,true,4.0,0.0,0.0
765,DrugService,true,5.0,0.0,0.0
765,AssistanceService,true,9.0

766,MedicalService2,true,14.0,0.0,0.0
766,DrugService,true,5.0,0.0,0.0
766,AssistanceService,true,19.0

767,MedicalService2,true,14.0,0.0,0.0
767,DrugService,true,5.0,0.0,0.0
767,AssistanceService,true,19.0

768,MedicalService2,true,14.0,0.0,0.0
768,DrugService,true,5.0,0.0,0.0
768,AssistanceService,true,19.0

769,MedicalService3,true,2.15,0.0,0.0
769,DrugService,true,5.0,0.0,0.0
769,AssistanceService,true,7.15

770,AlarmService3,true,2.0,0.0,0.0
770,AssistanceService,true,2.0

771,AlarmService3,true,2.0,0.0,0.0
771,AssistanceService,true,2.0

772,AlarmService2,true,12.0,0.0,0.0
772,AssistanceService,true,12.0

773,MedicalService3,true,2.15,0.0,0.0
773,DrugService,true,5.0,0.0,0.0
773,AssistanceService,true,7.15

774,MedicalService1,true,4.0,0.0,0.0
774,DrugService,true,5.0,0.0,0.0
774,AssistanceService,true,9.0

775,MedicalService1,true,4.0,0.0,0.0
775,AlarmService3,true,2.0,0.0,0.0
775,AssistanceService,true,6.0

776,MedicalService3,true,2.15,0.0,0.0
776,DrugService,true,5.0,0.0,0.0
776,AssistanceService,true,7.15

777,AlarmService3,true,2.0,0.0,0.0
777,AssistanceService,true,2.0

778,AlarmService2,true,12.0,0.0,0.0
778,AssistanceService,true,12.0

779,MedicalService1,true,4.0,0.0,0.0
779,DrugService,true,5.0,0.0,0.0
779,AssistanceService,true,9.0

780,MedicalService1,true,4.0,0.0,0.0
780,AlarmService1,true,4.0,0.0,0.0
780,AssistanceService,true,8.0

781,MedicalService2,true,14.0,0.0,0.0
781,DrugService,true,5.0,0.0,0.0
781,AssistanceService,true,19.0

782,AlarmService2,true,12.0,0.0,0.0
782,AssistanceService,true,12.0

783,MedicalService2,true,14.0,0.0,0.0
783,AlarmService1,true,4.0,0.0,0.0
783,AssistanceService,true,18.0

784,MedicalService3,true,2.15,0.0,0.0
784,AlarmService3,true,2.0,0.0,0.0
784,AssistanceService,true,4.15

785,MedicalService1,true,4.0,0.0,0.0
785,AlarmService1,true,4.0,0.0,0.0
785,AssistanceService,true,8.0

786,MedicalService1,true,4.0,0.0,0.0
786,AlarmService2,true,12.0,0.0,0.0
786,AssistanceService,true,16.0

787,MedicalService1,true,4.0,0.0,0.0
787,AlarmService2,true,12.0,0.0,0.0
787,AssistanceService,true,16.0

788,AlarmService3,true,2.0,0.0,0.0
788,AssistanceService,true,2.0

789,MedicalService3,true,2.15,0.0,0.0
789,DrugService,true,5.0,0.0,0.0
789,AssistanceService,true,7.15

790,AlarmService2,true,12.0,0.0,0.0
790,AssistanceService,true,12.0

791,MedicalService3,true,2.15,0.0,0.0
791,DrugService,true,5.0,0.0,0.0
791,AssistanceService,true,7.15

792,MedicalService3,true,2.15,0.0,0.0
792,DrugService,true,5.0,0.0,0.0
792,AssistanceService,true,7.15

793,MedicalService2,true,14.0,0.0,0.0
793,DrugService,true,5.0,0.0,0.0
793,AssistanceService,true,19.0

794,MedicalService1,true,4.0,0.0,0.0
794,DrugService,true,5.0,0.0,0.0
794,AssistanceService,true,9.0

795,MedicalService2,true,14.0,0.0,0.0
795,DrugService,true,5.0,0.0,0.0
795,AssistanceService,true,19.0

796,MedicalService2,true,14.0,0.0,0.0
796,AlarmService1,true,4.0,0.0,0.0
796,AssistanceService,true,18.0

797,MedicalService2,true,14.0,0.0,0.0
797,DrugService,true,5.0,0.0,0.0
797,AssistanceService,true,19.0

798,MedicalService3,true,2.15,0.0,0.0
798,DrugService,true,5.0,0.0,0.0
798,AssistanceService,true,7.15

799,MedicalService1,true,4.0,0.0,0.0
799,DrugService,true,5.0,0.0,0.0
799,AssistanceService,true,9.0

800,MedicalService3,true,2.15,0.0,0.0
800,AlarmService2,true,12.0,0.0,0.0
800,AssistanceService,true,14.15

801,AlarmService1,true,4.0,0.0,0.0
801,AssistanceService,true,4.0

802,MedicalService2,true,14.0,0.0,0.0
802,DrugService,true,5.0,0.0,0.0
802,AssistanceService,true,19.0

803,AlarmService3,true,2.0,0.0,0.0
803,AssistanceService,true,2.0

804,MedicalService3,true,2.15,0.0,0.0
804,DrugService,true,5.0,0.0,0.0
804,AssistanceService,true,7.15

805,MedicalService2,true,14.0,0.0,0.0
805,DrugService,true,5.0,0.0,0.0
805,AssistanceService,true,19.0

806,MedicalService3,true,2.15,0.0,0.0
806,DrugService,true,5.0,0.0,0.0
806,AssistanceService,true,7.15

807,MedicalService2,true,14.0,0.0,0.0
807,DrugService,true,5.0,0.0,0.0
807,AssistanceService,true,19.0

808,MedicalService1,true,4.0,0.0,0.0
808,AlarmService1,true,4.0,0.0,0.0
808,AssistanceService,true,8.0

809,MedicalService1,true,4.0,0.0,0.0
809,DrugService,true,5.0,0.0,0.0
809,AssistanceService,true,9.0

810,MedicalService1,true,4.0,0.0,0.0
810,DrugService,true,5.0,0.0,0.0
810,AssistanceService,true,9.0

811,MedicalService3,true,2.15,0.0,0.0
811,AlarmService2,true,12.0,0.0,0.0
811,AssistanceService,true,14.15

812,MedicalService1,true,4.0,0.0,0.0
812,DrugService,true,5.0,0.0,0.0
812,AssistanceService,true,9.0

813,MedicalService1,true,4.0,0.0,0.0
813,DrugService,true,5.0,0.0,0.0
813,AssistanceService,true,9.0

814,MedicalService2,true,14.0,0.0,0.0
814,DrugService,true,5.0,0.0,0.0
814,AssistanceService,true,19.0

815,MedicalService3,true,2.15,0.0,0.0
815,DrugService,true,5.0,0.0,0.0
815,AssistanceService,true,7.15

816,AlarmService2,true,12.0,0.0,0.0
816,AssistanceService,true,12.0

817,MedicalService2,true,14.0,0.0,0.0
817,AlarmService2,true,12.0,0.0,0.0
817,AssistanceService,true,26.0

818,MedicalService3,true,2.15,0.0,0.0
818,DrugService,true,5.0,0.0,0.0
818,AssistanceService,true,7.15

819,MedicalService1,true,4.0,0.0,0.0
819,DrugService,true,5.0,0.0,0.0
819,AssistanceService,true,9.0

820,MedicalService3,true,2.15,0.0,0.0
820,AlarmService3,true,2.0,0.0,0.0
820,AssistanceService,true,4.15

821,AlarmService3,true,2.0,0.0,0.0
821,AssistanceService,true,2.0

822,AlarmService2,true,12.0,0.0,0.0
822,AssistanceService,true,12.0

823,MedicalService1,true,4.0,0.0,0.0
823,DrugService,true,5.0,0.0,0.0
823,AssistanceService,true,9.0

824,MedicalService2,true,14.0,0.0,0.0
824,AlarmService1,true,4.0,0.0,0.0
824,AssistanceService,true,18.0

825,AlarmService2,true,12.0,0.0,0.0
825,AssistanceService,true,12.0

826,MedicalService2,true,14.0,0.0,0.0
826,DrugService,true,5.0,0.0,0.0
826,AssistanceService,true,19.0

827,MedicalService2,true,14.0,0.0,0.0
827,DrugService,true,5.0,0.0,0.0
827,AssistanceService,true,19.0

828,MedicalService1,true,4.0,0.0,0.0
828,DrugService,true,5.0,0.0,0.0
828,AssistanceService,true,9.0

829,AlarmService2,true,12.0,0.0,0.0
829,AssistanceService,true,12.0

830,MedicalService1,true,4.0,0.0,0.0
830,DrugService,true,5.0,0.0,0.0
830,AssistanceService,true,9.0

831,AlarmService1,true,4.0,0.0,0.0
831,AssistanceService,true,4.0

832,MedicalService2,true,14.0,0.0,0.0
832,DrugService,true,5.0,0.0,0.0
832,AssistanceService,true,19.0

833,MedicalService3,true,2.15,0.0,0.0
833,AlarmService1,true,4.0,0.0,0.0
833,AssistanceService,true,6.15

834,AlarmService1,true,4.0,0.0,0.0
834,AssistanceService,true,4.0

835,MedicalService1,true,4.0,0.0,0.0
835,DrugService,true,5.0,0.0,0.0
835,AssistanceService,true,9.0

836,MedicalService2,true,14.0,0.0,0.0
836,DrugService,true,5.0,0.0,0.0
836,AssistanceService,true,19.0

837,MedicalService3,true,2.15,0.0,0.0
837,DrugService,true,5.0,0.0,0.0
837,AssistanceService,true,7.15

838,AlarmService2,true,12.0,0.0,0.0
838,AssistanceService,true,12.0

839,AlarmService3,true,2.0,0.0,0.0
839,AssistanceService,true,2.0

840,AlarmService1,true,4.0,0.0,0.0
840,AssistanceService,true,4.0

841,AlarmService1,true,4.0,0.0,0.0
841,AssistanceService,true,4.0

842,MedicalService2,true,14.0,0.0,0.0
842,AlarmService3,true,2.0,0.0,0.0
842,AssistanceService,true,16.0

843,MedicalService1,true,4.0,0.0,0.0
843,DrugService,true,5.0,0.0,0.0
843,AssistanceService,true,9.0

844,MedicalService1,true,4.0,0.0,0.0
844,DrugService,true,5.0,0.0,0.0
844,AssistanceService,true,9.0

845,AlarmService3,true,2.0,0.0,0.0
845,AssistanceService,true,2.0

846,MedicalService1,true,4.0,0.0,0.0
846,DrugService,true,5.0,0.0,0.0
846,AssistanceService,true,9.0

847,MedicalService1,true,4.0,0.0,0.0
847,DrugService,true,5.0,0.0,0.0
847,AssistanceService,true,9.0

848,MedicalService2,true,14.0,0.0,0.0
848,DrugService,true,5.0,0.0,0.0
848,AssistanceService,true,19.0

849,MedicalService3,true,2.15,0.0,0.0
849,DrugService,true,5.0,0.0,0.0
849,AssistanceService,true,7.15

850,MedicalService2,true,14.0,0.0,0.0
850,DrugService,true,5.0,0.0,0.0
850,AssistanceService,true,19.0

851,MedicalService2,true,14.0,0.0,0.0
851,DrugService,true,5.0,0.0,0.0
851,AssistanceService,true,19.0

852,MedicalService3,true,2.15,0.0,0.0
852,AlarmService1,true,4.0,0.0,0.0
852,AssistanceService,true,6.15

853,MedicalService2,true,14.0,0.0,0.0
853,AlarmService1,true,4.0,0.0,0.0
853,AssistanceService,true,18.0

854,MedicalService3,true,2.15,0.0,0.0
854,DrugService,true,5.0,0.0,0.0
854,AssistanceService,true,7.15

855,MedicalService1,true,4.0,0.0,0.0
855,DrugService,true,5.0,0.0,0.0
855,AssistanceService,true,9.0

856,MedicalService2,true,14.0,0.0,0.0
856,DrugService,true,5.0,0.0,0.0
856,AssistanceService,true,19.0

857,MedicalService2,true,14.0,0.0,0.0
857,AlarmService1,true,4.0,0.0,0.0
857,AssistanceService,true,18.0

858,MedicalService2,true,14.0,0.0,0.0
858,DrugService,true,5.0,0.0,0.0
858,AssistanceService,true,19.0

859,MedicalService2,true,14.0,0.0,0.0
859,DrugService,true,5.0,0.0,0.0
859,AssistanceService,true,19.0

860,MedicalService3,true,2.15,0.0,0.0
860,DrugService,true,5.0,0.0,0.0
860,AssistanceService,true,7.15

861,MedicalService2,true,14.0,0.0,0.0
861,DrugService,true,5.0,0.0,0.0
861,AssistanceService,true,19.0

862,MedicalService1,true,4.0,0.0,0.0
862,DrugService,true,5.0,0.0,0.0
862,AssistanceService,true,9.0

863,MedicalService3,true,2.15,0.0,0.0
863,DrugService,true,5.0,0.0,0.0
863,AssistanceService,true,7.15

864,MedicalService2,true,14.0,0.0,0.0
864,DrugService,true,5.0,0.0,0.0
864,AssistanceService,true,19.0

865,AlarmService1,true,4.0,0.0,0.0
865,AssistanceService,true,4.0

866,MedicalService2,true,14.0,0.0,0.0
866,DrugService,true,5.0,0.0,0.0
866,AssistanceService,true,19.0

867,MedicalService3,true,2.15,0.0,0.0
867,AlarmService1,true,4.0,0.0,0.0
867,AssistanceService,true,6.15

868,MedicalService1,true,4.0,0.0,0.0
868,DrugService,true,5.0,0.0,0.0
868,AssistanceService,true,9.0

869,MedicalService1,true,4.0,0.0,0.0
869,DrugService,true,5.0,0.0,0.0
869,AssistanceService,true,9.0

870,AlarmService3,true,2.0,0.0,0.0
870,AssistanceService,true,2.0

871,AlarmService2,true,12.0,0.0,0.0
871,AssistanceService,true,12.0

872,AlarmService1,true,4.0,0.0,0.0
872,AssistanceService,true,4.0

873,MedicalService2,true,14.0,0.0,0.0
873,DrugService,true,5.0,0.0,0.0
873,AssistanceService,true,19.0

874,AlarmService2,true,12.0,0.0,0.0
874,AssistanceService,true,12.0

875,MedicalService1,true,4.0,0.0,0.0
875,DrugService,true,5.0,0.0,0.0
875,AssistanceService,true,9.0

876,MedicalService1,true,4.0,0.0,0.0
876,DrugService,true,5.0,0.0,0.0
876,AssistanceService,true,9.0

877,AlarmService1,true,4.0,0.0,0.0
877,AssistanceService,true,4.0

878,MedicalService1,true,4.0,0.0,0.0
878,DrugService,true,5.0,0.0,0.0
878,AssistanceService,true,9.0

879,MedicalService1,true,4.0,0.0,0.0
879,DrugService,true,5.0,0.0,0.0
879,AssistanceService,true,9.0

880,AlarmService3,true,2.0,0.0,0.0
880,AssistanceService,true,2.0

881,MedicalService2,true,14.0,0.0,0.0
881,AlarmService1,true,4.0,0.0,0.0
881,AssistanceService,true,18.0

882,AlarmService3,true,2.0,0.0,0.0
882,AssistanceService,true,2.0

883,MedicalService1,true,4.0,0.0,0.0
883,DrugService,true,5.0,0.0,0.0
883,AssistanceService,true,9.0

884,MedicalService1,true,4.0,0.0,0.0
884,DrugService,true,5.0,0.0,0.0
884,AssistanceService,true,9.0

885,MedicalService2,true,14.0,0.0,0.0
885,AlarmService1,true,4.0,0.0,0.0
885,AssistanceService,true,18.0

886,MedicalService1,true,4.0,0.0,0.0
886,DrugService,true,5.0,0.0,0.0
886,AssistanceService,true,9.0

887,MedicalService1,true,4.0,0.0,0.0
887,DrugService,true,5.0,0.0,0.0
887,AssistanceService,true,9.0

888,AlarmService1,true,4.0,0.0,0.0
888,AssistanceService,true,4.0

889,AlarmService1,true,4.0,0.0,0.0
889,AssistanceService,true,4.0

890,AlarmService2,true,12.0,0.0,0.0
890,AssistanceService,true,12.0

891,MedicalService1,true,4.0,0.0,0.0
891,DrugService,true,5.0,0.0,0.0
891,AssistanceService,true,9.0

892,MedicalService2,true,14.0,0.0,0.0
892,AlarmService2,true,12.0,0.0,0.0
892,AssistanceService,true,26.0

893,MedicalService3,true,2.15,0.0,0.0
893,DrugService,true,5.0,0.0,0.0
893,AssistanceService,true,7.15

894,MedicalService1,true,4.0,0.0,0.0
894,AlarmService1,true,4.0,0.0,0.0
894,AssistanceService,true,8.0

895,MedicalService1,true,4.0,0.0,0.0
895,DrugService,true,5.0,0.0,0.0
895,AssistanceService,true,9.0

896,MedicalService3,true,2.15,0.0,0.0
896,DrugService,true,5.0,0.0,0.0
896,AssistanceService,true,7.15

897,MedicalService2,true,14.0,0.0,0.0
897,AlarmService3,true,2.0,0.0,0.0
897,AssistanceService,true,16.0

898,AlarmService2,true,12.0,0.0,0.0
898,AssistanceService,true,12.0

899,MedicalService1,true,4.0,0.0,0.0
899,AlarmService1,true,4.0,0.0,0.0
899,AssistanceService,true,8.0

900,AlarmService1,true,4.0,0.0,0.0
900,AssistanceService,true,4.0

901,AlarmService2,true,12.0,0.0,0.0
901,AssistanceService,true,12.0

902,MedicalService2,true,14.0,0.0,0.0
902,DrugService,true,5.0,0.0,0.0
902,AssistanceService,true,19.0

903,AlarmService1,true,4.0,0.0,0.0
903,AssistanceService,true,4.0

904,MedicalService1,true,4.0,0.0,0.0
904,DrugService,true,5.0,0.0,0.0
904,AssistanceService,true,9.0

905,MedicalService2,true,14.0,0.0,0.0
905,DrugService,true,5.0,0.0,0.0
905,AssistanceService,true,19.0

906,MedicalService3,true,2.15,0.0,0.0
906,DrugService,true,5.0,0.0,0.0
906,AssistanceService,true,7.15

907,MedicalService3,true,2.15,0.0,0.0
907,DrugService,true,5.0,0.0,0.0
907,AssistanceService,true,7.15

908,MedicalService2,true,14.0,0.0,0.0
908,DrugService,true,5.0,0.0,0.0
908,AssistanceService,true,19.0

909,MedicalService2,true,14.0,0.0,0.0
909,DrugService,true,5.0,0.0,0.0
909,AssistanceService,true,19.0

910,MedicalService3,true,2.15,0.0,0.0
910,AlarmService1,true,4.0,0.0,0.0
910,AssistanceService,true,6.15

911,MedicalService3,true,2.15,0.0,0.0
911,DrugService,true,5.0,0.0,0.0
911,AssistanceService,true,7.15

912,MedicalService1,true,4.0,0.0,0.0
912,DrugService,true,5.0,0.0,0.0
912,AssistanceService,true,9.0

913,MedicalService2,true,14.0,0.0,0.0
913,DrugService,true,5.0,0.0,0.0
913,AssistanceService,true,19.0

914,MedicalService1,true,4.0,0.0,0.0
914,DrugService,true,5.0,0.0,0.0
914,AssistanceService,true,9.0

915,AlarmService2,true,12.0,0.0,0.0
915,AssistanceService,true,12.0

916,MedicalService2,true,14.0,0.0,0.0
916,DrugService,true,5.0,0.0,0.0
916,AssistanceService,true,19.0

917,MedicalService2,true,14.0,0.0,0.0
917,AlarmService1,true,4.0,0.0,0.0
917,AssistanceService,true,18.0

918,MedicalService1,true,4.0,0.0,0.0
918,DrugService,true,5.0,0.0,0.0
918,AssistanceService,true,9.0

919,MedicalService1,true,4.0,0.0,0.0
919,DrugService,true,5.0,0.0,0.0
919,AssistanceService,true,9.0

920,MedicalService1,true,4.0,0.0,0.0
920,AlarmService3,true,2.0,0.0,0.0
920,AssistanceService,true,6.0

921,MedicalService1,true,4.0,0.0,0.0
921,DrugService,true,5.0,0.0,0.0
921,AssistanceService,true,9.0

922,MedicalService1,true,4.0,0.0,0.0
922,DrugService,true,5.0,0.0,0.0
922,AssistanceService,true,9.0

923,MedicalService2,true,14.0,0.0,0.0
923,DrugService,true,5.0,0.0,0.0
923,AssistanceService,true,19.0

924,AlarmService3,true,2.0,0.0,0.0
924,AssistanceService,true,2.0

925,AlarmService2,true,12.0,0.0,0.0
925,AssistanceService,true,12.0

926,AlarmService2,true,12.0,0.0,0.0
926,AssistanceService,true,12.0

927,AlarmService3,true,2.0,0.0,0.0
927,AssistanceService,true,2.0

928,MedicalService2,true,14.0,0.0,0.0
928,DrugService,true,5.0,0.0,0.0
928,AssistanceService,true,19.0

929,MedicalService2,true,14.0,0.0,0.0
929,AlarmService1,true,4.0,0.0,0.0
929,AssistanceService,true,18.0

930,MedicalService2,true,14.0,0.0,0.0
930,AlarmService3,true,2.0,0.0,0.0
930,AssistanceService,true,16.0

931,MedicalService2,true,14.0,0.0,0.0
931,DrugService,true,5.0,0.0,0.0
931,AssistanceService,true,19.0

932,MedicalService1,true,4.0,0.0,0.0
932,DrugService,true,5.0,0.0,0.0
932,AssistanceService,true,9.0

933,MedicalService2,true,14.0,0.0,0.0
933,DrugService,true,5.0,0.0,0.0
933,AssistanceService,true,19.0

934,MedicalService3,true,2.15,0.0,0.0
934,AlarmService3,true,2.0,0.0,0.0
934,AssistanceService,true,4.15

935,MedicalService1,true,4.0,0.0,0.0
935,DrugService,true,5.0,0.0,0.0
935,AssistanceService,true,9.0

936,AlarmService1,true,4.0,0.0,0.0
936,AssistanceService,true,4.0

937,MedicalService2,true,14.0,0.0,0.0
937,DrugService,true,5.0,0.0,0.0
937,AssistanceService,true,19.0

938,MedicalService3,true,2.15,0.0,0.0
938,DrugService,true,5.0,0.0,0.0
938,AssistanceService,true,7.15

939,AlarmService2,true,12.0,0.0,0.0
939,AssistanceService,true,12.0

940,MedicalService1,true,4.0,0.0,0.0
940,AlarmService1,true,4.0,0.0,0.0
940,AssistanceService,true,8.0

941,AlarmService3,true,2.0,0.0,0.0
941,AssistanceService,true,2.0

942,AlarmService2,true,12.0,0.0,0.0
942,AssistanceService,true,12.0

943,AlarmService1,true,4.0,0.0,0.0
943,AssistanceService,true,4.0

944,MedicalService1,true,4.0,0.0,0.0
944,DrugService,true,5.0,0.0,0.0
944,AssistanceService,true,9.0

945,MedicalService2,true,14.0,0.0,0.0
945,DrugService,true,5.0,0.0,0.0
945,AssistanceService,true,19.0

946,MedicalService2,true,14.0,0.0,0.0
946,AlarmService2,true,12.0,0.0,0.0
946,AssistanceService,true,26.0

947,MedicalService2,true,14.0,0.0,0.0
947,DrugService,true,5.0,0.0,0.0
947,AssistanceService,true,19.0

948,MedicalService3,true,2.15,0.0,0.0
948,AlarmService1,true,4.0,0.0,0.0
948,AssistanceService,true,6.15

949,AlarmService2,true,12.0,0.0,0.0
949,AssistanceService,true,12.0

950,MedicalService3,true,2.15,0.0,0.0
950,DrugService,true,5.0,0.0,0.0
950,AssistanceService,true,7.15

951,AlarmService2,true,12.0,0.0,0.0
951,AssistanceService,true,12.0

952,MedicalService2,true,14.0,0.0,0.0
952,DrugService,true,5.0,0.0,0.0
952,AssistanceService,true,19.0

953,MedicalService1,true,4.0,0.0,0.0
953,DrugService,true,5.0,0.0,0.0
953,AssistanceService,true,9.0

954,MedicalService2,true,14.0,0.0,0.0
954,AlarmService3,true,2.0,0.0,0.0
954,AssistanceService,true,16.0

955,AlarmService2,true,12.0,0.0,0.0
955,AssistanceService,true,12.0

956,MedicalService3,true,2.15,0.0,0.0
956,AlarmService1,true,4.0,0.0,0.0
956,AssistanceService,true,6.15

957,MedicalService1,true,4.0,0.0,0.0
957,AlarmService3,true,2.0,0.0,0.0
957,AssistanceService,true,6.0

958,MedicalService3,true,2.15,0.0,0.0
958,DrugService,true,5.0,0.0,0.0
958,AssistanceService,true,7.15

959,MedicalService3,true,2.15,0.0,0.0
959,DrugService,true,5.0,0.0,0.0
959,AssistanceService,true,7.15

960,MedicalService1,true,4.0,0.0,0.0
960,DrugService,true,5.0,0.0,0.0
960,AssistanceService,true,9.0

961,AlarmService3,true,2.0,0.0,0.0
961,AssistanceService,true,2.0

962,MedicalService2,true,14.0,0.0,0.0
962,DrugService,true,5.0,0.0,0.0
962,AssistanceService,true,19.0

963,MedicalService2,true,14.0,0.0,0.0
963,DrugService,true,5.0,0.0,0.0
963,AssistanceService,true,19.0

964,MedicalService1,true,4.0,0.0,0.0
964,AlarmService2,true,12.0,0.0,0.0
964,AssistanceService,true,16.0

965,MedicalService2,true,14.0,0.0,0.0
965,DrugService,true,5.0,0.0,0.0
965,AssistanceService,true,19.0

966,MedicalService1,true,4.0,0.0,0.0
966,DrugService,true,5.0,0.0,0.0
966,AssistanceService,true,9.0

967,AlarmService3,true,2.0,0.0,0.0
967,AssistanceService,true,2.0

968,MedicalService2,true,14.0,0.0,0.0
968,AlarmService2,true,12.0,0.0,0.0
968,AssistanceService,true,26.0

969,MedicalService2,true,14.0,0.0,0.0
969,AlarmService3,true,2.0,0.0,0.0
969,AssistanceService,true,16.0

970,MedicalService3,true,2.15,0.0,0.0
970,AlarmService2,true,12.0,0.0,0.0
970,AssistanceService,true,14.15

971,MedicalService1,true,4.0,0.0,0.0
971,DrugService,true,5.0,0.0,0.0
971,AssistanceService,true,9.0

972,MedicalService2,true,14.0,0.0,0.0
972,DrugService,true,5.0,0.0,0.0
972,AssistanceService,true,19.0

973,AlarmService3,true,2.0,0.0,0.0
973,AssistanceService,true,2.0

974,MedicalService3,true,2.15,0.0,0.0
974,DrugService,true,5.0,0.0,0.0
974,AssistanceService,true,7.15

975,MedicalService2,true,14.0,0.0,0.0
975,AlarmService1,true,4.0,0.0,0.0
975,AssistanceService,true,18.0

976,MedicalService1,true,4.0,0.0,0.0
976,DrugService,true,5.0,0.0,0.0
976,AssistanceService,true,9.0

977,AlarmService2,true,12.0,0.0,0.0
977,AssistanceService,true,12.0

978,MedicalService3,true,2.15,0.0,0.0
978,DrugService,true,5.0,0.0,0.0
978,AssistanceService,true,7.15

979,MedicalService1,true,4.0,0.0,0.0
979,AlarmService1,true,4.0,0.0,0.0
979,AssistanceService,true,8.0

980,MedicalService3,true,2.15,0.0,0.0
980,DrugService,true,5.0,0.0,0.0
980,AssistanceService,true,7.15

981,MedicalService1,true,4.0,0.0,0.0
981,AlarmService2,true,12.0,0.0,0.0
981,AssistanceService,true,16.0

982,MedicalService2,true,14.0,0.0,0.0
982,DrugService,true,5.0,0.0,0.0
982,AssistanceService,true,19.0

983,MedicalService2,true,14.0,0.0,0.0
983,DrugService,true,5.0,0.0,0.0
983,AssistanceService,true,19.0

984,AlarmService2,true,12.0,0.0,0.0
984,AssistanceService,true,12.0

985,MedicalService3,true,2.15,0.0,0.0
985,AlarmService3,true,2.0,0.0,0.0
985,AssistanceService,true,4.15

986,AlarmService2,true,12.0,0.0,0.0
986,AssistanceService,true,12.0

987,MedicalService2,true,14.0,0.0,0.0
987,DrugService,true,5.0,0.0,0.0
987,AssistanceService,true,19.0

988,AlarmService3,true,2.0,0.0,0.0
988,AssistanceService,true,2.0

989,MedicalService3,true,2.15,0.0,0.0
989,AlarmService2,true,12.0,0.0,0.0
989,AssistanceService,true,14.15

990,MedicalService2,true,14.0,0.0,0.0
990,AlarmService1,true,4.0,0.0,0.0
990,AssistanceService,true,18.0

991,MedicalService2,true,14.0,0.0,0.0
991,DrugService,true,5.0,0.0,0.0
991,AssistanceService,true,19.0

992,AlarmService1,true,4.0,0.0,0.0
992,AssistanceService,true,4.0

993,MedicalService2,true,14.0,0.0,0.0
993,DrugService,true,5.0,0.0,0.0
993,AssistanceService,true,19.0

994,MedicalService3,true,2.15,0.0,0.0
994,DrugService,true,5.0,0.0,0.0
994,AssistanceService,true,7.15

995,MedicalService1,true,4.0,0.0,0.0
995,AlarmService2,true,12.0,0.0,0.0
995,AssistanceService,true,16.0

996,MedicalService2,true,14.0,0.0,0.0
996,DrugService,true,5.0,0.0,0.0
996,AssistanceService,true,19.0

997,MedicalService1,true,4.0,0.0,0.0
997,AlarmService1,true,4.0,0.0,0.0
997,AssistanceService,true,8.0

998,MedicalService3,true,2.15,0.0,0.0
998,DrugService,true,5.0,0.0,0.0
998,AssistanceService,true,7.15

999,MedicalService2,true,14.0,0.0,0.0
999,AlarmService2,true,12.0,0.0,0.0
999,AssistanceService,true,26.0

1000,MedicalService3,true,2.15,0.0,0.0
1000,DrugService,true,5.0,0.0,0.0
1000,AssistanceService,true,7.15

